ROE,ROA,Leverage,Size,Growth,Y,Z1,Z21,Z22,X,ROE Norm,ROA Norm,Leverage Norm,Size Norm,Growt Norm,Y Norm,Z1 Norm,X Norm
0.0739,0.0536,0.3791,30.9216,0.0692,1.1223,0.0465,3,1,0.65,-0.0320763252517218,0.0476488579931746,-0.00773683903537219,0.938978197337509,-0.0511973143191591,-0.253116270876041,-0.0799949877496386,0.731288402760532
0.0128,0.0090,0.4213,30.9259,0.0044,1.3364,0.0837,3,1,0.65,-0.0730651629900308,-0.0887391837212433,-0.00569303753978203,0.941231421706083,-0.0709856794434519,-0.159263176786528,-0.0722242243455716,0.696153468897674
0.0464,0.0322,0.4434,30.9554,0.0299,1.1610,0.1532,3,1,0.65,-0.0504988030357923,-0.0178651822554533,-0.0046256329216446,0.956501549150923,-0.0631802687555364,-0.236136962514275,-0.0577359436719501,0.704383050849251
0.0977,0.0680,0.4359,31.0455,0.0943,0.9050,0.2463,3,1,0.73,-0.016105252641252,0.0919068234720279,-0.00498579121456716,1.00316142297151,-0.0435323765935458,-0.348367867255098,-0.0383152009869569,1.11138635674433
0.0806,0.0613,0.3150,31.0069,-0.0379,0.7676,0.1731,4,2,0.72,-0.0275764856179899,0.0712633156985005,-0.0108398157257399,0.983177653744178,-0.0838756006146926,-0.408621834237827,-0.0535900485818474,1.07549332139471
-1.0527,-0.0796,12.2191,26.6866,-0.2588,2.4526,0.2389,1,1,0.18,-0.78866727214603,-0.360290133157585,0.565420230122538,-1.254678170671,-0.15133316012019,0.330094256021473,-0.0398686907177341,-1.73213792608747
0.2643,0.0769,2.4377,30.1618,-0.1106,1.2158,0.0000,3,1,0.67,0.0957997144889627,0.119043541405775,0.091916152930684,0.545435726934185,-0.106103920018971,-0.212143222606208,-0.089686384590486,0.817263035473981
0.0159,0.0046,2.4839,30.1054,-0.0548,1.0677,0.0360,3,1,0.84,-0.0710234447084568,-0.102430056087366,0.0941535879170927,0.516242226839506,-0.0890547776595692,-0.277057402547511,-0.0821771746484869,1.68656076253704
-0.2333,-0.0456,4.1143,30.0879,-0.0174,0.9838,0.5207,3,1,0.68,-0.238390614369059,-0.256123115445765,0.173080051025928,0.507156811799397,-0.0776276075523001,-0.313839327968429,0.0188937655814038,0.876087638018529
0.5217,0.1796,1.9048,30.3252,0.2678,0.9200,0.5569,4,3,0.99,0.268687582924084,0.433657950678288,0.0661227197024677,0.630058546495354,0.0094564677948381,-0.341796221700157,0.0264523974411532,2.48483298876854
0.5537,0.1725,2.2105,31.0711,1.1083,0.9781,0.3350,4,3,0.92,0.290165921951957,0.411789308912266,0.0809211592382778,1.01641659804999,0.266140268801385,-0.316351371265948,-0.0198290158383303,2.12835497170574
0.2186,0.1751,0.2483,29.4094,0.1126,4.5298,0.2099,3,1,0.67,0.0651134946583331,0.41990582161254,-0.0140667178502316,0.155705608565916,-0.037940941941913,1.24071652740175,-0.0459145326899184,0.817263035473981
0.1400,0.1009,0.3877,29.6116,0.2241,4.3379,0.1872,1,1,0.64,0.0123646282653006,0.192674094354677,-0.00731810661147698,0.260457232486191,-0.00387319482360909,1.15660472512217,-0.0506597260788147,0.68067024109653
0.1304,0.1000,0.3042,29.6037,-0.0079,3.2865,0.1653,4,2,0.64,0.00588351595701487,0.189825657822128,-0.011361173899769,0.256349630361444,-0.0747295892648073,0.695651356056971,-0.055211607672938,0.65265288358562
0.1135,0.0929,0.2217,29.6119,0.0083,1.3549,-0.6662,4,2,0.65,-0.00544667727000904,0.168232671204417,-0.0153577691502645,0.260612627270231,-0.0697916592638842,-0.151170276389983,-0.228615957087757,0.718502189650397
-0.6215,-0.2797,1.2216,28.5388,-0.1887,1.6237,-0.6567,4,2,0.38,-0.499065652733302,-0.973163412902813,0.0330481831357457,-0.295265594191877,-0.129932409689474,-0.0332927542543879,-0.226624835993723,-0.675353015731832
-0.6731,-0.2139,2.1461,28.3782,-0.1483,1.6248,0.3619,4,3,0.45,-0.533721134091597,-0.771628871137516,0.0778017237011905,-0.378438062435355,-0.117616595407642,-0.0328148961052961,-0.0142268426959549,-0.328322418051732
0.2740,0.2038,0.3447,27.8965,0.3602,1.7445,0.3602,1,1,0.56,0.102354704761384,0.507778557224187,-0.00940160297268492,-0.62792438820898,0.0376671031371554,0.0196662039201877,-0.0145712427839907,0.228409788324821
0.2734,0.2218,0.2328,28.1291,0.2618,2.7609,0.1412,2,1,0.51,0.101945017869358,0.562909586886427,-0.0148180157946077,-0.507451991970156,0.00764253432511127,0.465236047800402,-0.0602321922509573,-0.0133412780978698
0.1025,0.0214,3.7876,31.0353,0.0621,0.9787,0.1547,4,2,0.69,-0.0128546222192724,-0.0508212866535475,0.157266003830774,0.997883180140344,-0.0533624301946412,-0.316079562043529,-0.0574209869801764,0.919170449861685
0.0973,0.0182,4.3430,31.2288,0.2135,1.0834,0.0000,1,1,0.84,-0.0163336027122175,-0.0606223585935012,0.184151529947207,1.0981128158451,-0.00712239551685715,-0.270183259632136,-0.089686384590486,1.71643989634878
0.0043,0.0006,5.8332,31.2711,0.0432,1.1924,0.0000,3,1,0.71,-0.0788343603711888,-0.114497625913434,0.256289202867943,1.12002348039451,-0.0591187678889763,-0.222371140604659,-0.089686384590486,1.00471743558261
0.0153,0.0022,6.0524,31.3174,0.0474,1.0468,0.2862,0,0,0.00,-0.0714196992433676,-0.109750231692519,0.26689886591362,1.14402679470231,-0.0578361886679574,-0.286224387774584,-0.0300076476303883,-2.65339190867807
0.0199,0.0044,3.5317,31.3196,0.0022,0.8811,0.0071,0,0,0.29,-0.0683504056424488,-0.102981366383988,0.144874428585839,1.14514045732125,-0.0716575066544618,-0.358863210456251,-0.088196801095548,-1.16183787835848
0.0044,0.0037,0.1888,28.6985,0.0019,0.4289,-0.0419,3,1,0.41,-0.0787067529785904,-0.104941580771979,-0.0169504046122473,-0.212548950648245,-0.0717277431356129,-0.557091045954729,-0.0984170633289914,-0.509559892292693
-0.1841,-0.1555,0.1841,28.6264,-0.0695,0.3725,-0.1414,4,2,0.66,-0.205347015864638,-0.592667423183924,-0.0171774398802321,-0.249874777774265,-0.0935468586931856,-0.581834453234307,-0.11917958919397,0.76982383987354
0.5897,0.2610,1.2600,30.6387,0.4688,3.9812,0.1839,1,1,0.32,0.314384461831417,0.68285020475161,0.03490609648015,0.792456455467735,0.0708523136009963,1.00023989389596,-0.0513406809504308,-0.986360833790769
0.0971,0.0592,0.6410,32.2766,0.1279,0.7706,0.1686,4,2,0.47,-0.0164880748190472,0.0648007338880935,0.00494276602715562,1.64085499822983,-0.033274796585444,-0.407293476263746,-0.0545183921020799,-0.213858967073691
0.1092,0.0603,0.8118,32.2394,-0.0365,0.9438,0.0819,3,1,0.82,-0.00834806640698255,0.068200480717265,0.013210432001382,1.62162230379201,-0.0834511279677363,-0.331362254775033,-0.072600737273055,1.58604026967275
0.0401,0.0248,0.6149,32.1310,-0.1028,0.8889,0.0000,4,2,0.37,-0.0547501440628854,-0.0403157626679097,0.00367833933211029,1.56543154988374,-0.103709772139736,-0.355439291057713,-0.089686384590486,-0.749366183106476
0.2307,0.1356,0.7018,32.3155,0.2027,1.0772,0.5702,3,1,0.81,0.0732602192489555,0.2988319548043,0.00788309058523579,1.66104078067642,-0.0104143488508059,-0.27291011989576,0.0292108376908121,1.55257118437605
0.4337,0.2626,0.6519,32.7646,0.5668,1.1207,1.0205,3,1,0.72,0.209612076329595,0.687811997421212,0.00546848095472807,1.8936253337728,0.100763893291189,-0.25384401814897,0.123125491422541,1.07549332139471
-0.0180,-0.0097,0.8643,26.0171,0.1111,1.8599,0.1071,1,1,0.24,-0.093777857662314,-0.145983569520535,0.0157509034009218,-1.60144163125265,-0.0383776296290695,0.0702227192901551,-0.0673629307588118,-1.42505329093624
0.0590,0.0259,1.2788,29.7308,0.1465,1.1302,0.1061,3,1,0.53,-0.0420431342315107,-0.0370691575878,0.0358147216358162,0.322205939836912,-0.0275856416122099,-0.249657279319771,-0.0675703449257955,0.0981181533135636
0.0281,0.0129,1.1759,29.7157,-0.0150,1.2802,2.6377,3,2,0.56,-0.0628095583322563,-0.0768247556442371,0.0308349523356893,0.314368862895241,-0.0769038664204394,-0.183896983573196,0.460343858573067,0.241977861087968
1.4548,0.5990,1.4287,28.3299,0.0763,2.3936,2.3667,3,1,0.52,0.89540106886748,1.7183028268579,0.0430716207879696,-0.403435903360996,-0.0490199834034769,0.304228539694486,0.40384729000496,0.0133258750556584
-0.0802,-0.0341,1.3479,28.2333,0.0367,1.3032,-0.0204,3,2,0.65,-0.135532339756213,-0.220961769861181,0.0391626446920695,-0.453467843995222,-0.0610976044014056,-0.173818122245104,-0.0939371545879011,0.724539232259296
0.1195,0.0590,1.0269,28.9093,0.0764,0.7147,0.1120,3,2,0.38,-0.00143040249243921,0.0641881668918464,0.0236221048026972,-0.10331677712153,-0.0489894458029765,-0.431830834616652,-0.0663258923534803,-0.679276198639537
0.1657,0.0825,1.0088,30.6238,0.1853,1.3659,0.1268,1,1,0.72,0.0295983424446387,0.136256674000318,0.0227459132567431,0.784743694353296,-0.0157248375778344,-0.146330318623035,-0.0632367694331443,1.08870687294976
0.0698,0.0328,1.1267,30.6948,0.0736,1.2705,0.1517,2,1,0.67,-0.0347829452105191,-0.0158130828180255,0.0284537444823478,0.821541179213585,-0.049832283576789,-0.188149482698141,-0.058060416804145,0.816616628223361
0.0911,0.0515,0.7699,30.5587,-0.1273,1.1183,0.1846,4,2,0.63,-0.0204842010609435,0.0413087895820171,0.0111816371013303,0.751012666564697,-0.111191484262347,-0.254869878762616,-0.0511917877460263,0.618591078323082
0.1005,0.0483,1.0806,30.7884,0.2583,1.2213,0.1987,4,3,0.90,-0.0142247226450655,0.0314770892922511,0.0262226025843907,0.870003632529023,0.00654623446714504,-0.209736395781883,-0.0482502719101802,2.02469346413437
0.1885,0.0912,1.0667,30.9338,0.1565,1.5498,0.3498,4,2,0.81,0.0448776486636543,0.162872709987255,0.0255516625387043,0.945313124700158,-0.0245257740420646,-0.0656994279983004,-0.0167478893312093,1.51418570140328
0.0860,0.0419,1.0503,28.0813,0.2957,1.1880,0.1067,4,3,0.45,-0.0239631815538887,0.0119974588115931,0.0247548607239859,-0.532201201241336,0.0179734045744141,-0.22432641339819,-0.0674270046475461,-0.328322418051732
0.2614,0.0752,2.4769,27.1831,0.2795,0.9237,0.2930,3,2,0.36,0.0938856035999871,0.113897978637299,0.0938152133918872,-0.997473903956797,0.0130232595332909,-0.340174134405074,-0.0285797288291835,-0.767014643786488
0.0529,0.0357,0.4811,27.5965,0.1209,3.1515,0.0877,4,2,0.39,-0.0461332869732164,-0.00693086137244243,-0.00279724868459014,-0.783319172247364,-0.0353910523001253,0.636462705865336,-0.0713946285903912,-0.635407053202964
0.0968,0.0430,1.2480,29.6330,-0.0701,0.8154,0.1008,1,1,0.66,-0.016702992532897,0.0154278339905769,0.0343256800914213,0.271516161283591,-0.0937270305361383,-0.387648683914386,-0.0686639594354024,0.746903997487929
0.1176,0.0586,1.0070,29.6415,0.0085,0.8244,0.1566,4,3,0.41,-0.00272662495409637,0.0630242895989769,0.022661682688237,0.275908653845742,-0.0697153152626331,-0.383742522347039,-0.0570336071580368,-0.547668608056013
0.0514,0.0246,1.0954,26.5011,0.0371,0.8738,0.3737,3,2,0.48,-0.0471407137568878,-0.041203984812468,0.0269390465004195,-1.35074840598966,-0.060987669039604,-0.362067928868968,-0.0117533750955583,-0.152845373484023
0.1425,0.0419,2.4010,30.8880,0.0825,1.9851,0.6244,1,1,0.85,0.0140436729047529,0.0119668304617808,0.0901385974849694,0.921594700829766,-0.0471358134525991,0.125123798199113,0.0405294912059433,1.7388494009814
0.2212,0.0723,2.0583,30.9450,0.0586,2.5081,0.6953,1,1,0.36,0.0668865657975947,0.105138270590965,0.0735529208289038,0.951114529970925,-0.0544098698918067,0.354403645349124,0.0553038022727836,-0.810883943496867
0.2535,0.0946,1.6804,31.0568,0.1183,4.2059,0.7415,1,1,0.71,0.0885462416465289,0.173225092223831,0.0552589127000912,1.00903016598203,-0.0361911374332372,1.09873128084546,0.0649288609646271,1.01543915660973
-0.0452,-0.0243,0.8610,26.8196,-0.0797,1.5151,0.0152,3,2,0.47,-0.112039147160997,-0.190792845296011,0.0155921239384506,-1.18578130325451,-0.0966555864241316,-0.0809207444537744,-0.0865125554137545,-0.240583818630974
-0.0008,-0.0005,0.5586,29.8149,0.1510,0.8007,0.0286,4,2,0.67,-0.0822260305428823,-0.11795862944223,0.000951011613930558,0.365732018846062,-0.0262145033497396,-0.394123881035565,-0.0837194066576779,0.817263035473981
-0.0117,-0.0073,0.6097,29.7941,-0.0205,0.7644,0.0320,3,2,0.94,-0.0895668137065677,-0.138694022265195,0.00342758396150022,0.354983879616741,-0.0785895419680644,-0.410024720547087,-0.0830172594573709,2.19623668090171
0.0056,0.0035,0.6074,29.8252,0.0316,0.6526,0.1138,4,2,0.98,-0.0779343924444424,-0.1057379178671,0.00331624470427954,0.371098318721522,-0.0626672370671288,-0.459020524898002,-0.0659648082276851,2.42905868793265
0.0916,0.0608,0.5063,29.8624,0.0379,0.6927,0.2814,4,2,0.88,-0.0201819730258421,0.0698237832573198,-0.00157784177616012,0.390356912290012,-0.0607494757557005,-0.44145814191395,-0.0309995789795809,1.88931233623577
0.0499,0.0351,0.4208,29.8801,0.0179,0.5315,0.1312,4,2,0.74,-0.048188437611906,-0.00886044741062081,-0.00571578947495322,0.399545923852815,-0.0668508883356907,-0.512132923762653,-0.0623363954467603,1.16323161226786
0.0887,0.0508,0.7452,31.1028,0.0727,0.9980,0.0364,3,1,0.58,-0.0221296648076068,0.0392260617947769,0.00998449804434445,1.03288326533192,-0.0501254445415933,-0.307618403990803,-0.0821007624844471,0.366273798870557
0.0107,0.0064,0.6652,31.0387,-0.0621,1.0680,0.1027,3,1,0.61,-0.0745091413799597,-0.096733183022268,0.00611134414424577,0.999654680678381,-0.0912901300162022,-0.276939034015167,-0.0682725939986861,0.495688233016175
0.0604,0.0362,0.6665,31.0883,0.0508,1.8654,0.1468,3,1,0.58,-0.0411431663047643,-0.00546070058144938,0.00617717953112409,1.02533625865379,-0.056797910250942,0.0726733863116442,-0.059067842851771,0.366273798870557
0.0894,0.0566,0.5797,31.1250,0.0374,2.0096,0.1490,3,1,0.68,-0.0216796808442336,0.0568373629368812,0.00197436461290677,1.04435140039396,-0.0608960562381026,0.13587341454382,-0.058610472234305,0.8798226068819
0.1611,0.1136,0.4186,31.1467,0.0219,1.7132,0.0326,3,1,0.90,0.0265357650222778,0.231510841916743,-0.00582519239726571,1.0555812634538,-0.0656263305556226,0.00591791808943702,-0.082897523082426,1.9967470725746
0.0279,0.0102,1.7263,29.2612,0.0763,1.0989,0.0391,1,1,0.40,-0.0629707466176437,-0.085094410093573,0.0574813410909614,0.0789405852509551,-0.049026090923577,-0.263374877012507,-0.0815325817195779,-0.593328409568469
-0.9750,-0.2462,2.9605,29.0509,-0.1896,0.8624,-0.3272,4,2,0.48,-0.736536294180316,-0.870435927632174,0.117223082013218,-0.0299704390554127,-0.130225570654278,-0.367043791247125,-0.157926371877205,-0.152845373484023
0.1671,0.0995,0.6796,26.8729,0.0864,1.2190,0.4544,3,1,0.47,0.0305050265499429,0.188232983631885,0.00681229738100903,-1.15815729047862,-0.0459326319928813,-0.210744720316664,0.00506864855328125,-0.196714673194402
0.3228,0.1088,1.9653,29.9176,-0.6561,2.0886,5.1471,3,1,0.71,0.13507592669503,0.216962375755874,0.0690509421673717,0.418954732379209,-0.272677369468786,0.17049840226425,0.983636866349111,1.03162402168434
0.0587,0.0203,1.8973,30.0320,0.1212,1.4021,1.6157,3,1,0.55,-0.0422849166595918,-0.0543741752317807,0.0657567524048206,0.478186044228507,-0.0353208158189743,-0.130442631170662,0.247237014174357,0.198108561377589
0.0704,-0.0862,-1.8171,27.7528,0.0057,2.5878,0.0034,3,1,0.25,-0.0344001230327239,-0.380321073934865,-0.114048886750679,-0.702389568720174,-0.0705642605565457,0.38936620258772,-0.0889827069314974,-1.38118406836276
0.3713,0.0581,5.3891,29.5853,0.3390,0.9874,4.1602,1,1,0.17,0.167656108878962,0.0615847571577962,0.234789592298629,0.246829109926026,0.0311900780710096,-0.312278616949377,0.777832337933788,-1.77600714866094
0.0604,0.0127,3.7541,26.8983,0.0372,0.9977,-0.0026,1,1,0.15,-0.0410961530548596,-0.0774679509902966,0.155639966591625,-1.14501089174897,-0.0609540776790535,-0.30773238850343,-0.0902207339796174,-1.8637456709448
0.3172,0.2255,0.4068,28.5784,0.1495,3.1217,0.3821,4,2,0.42,0.131375312309677,0.574303333016623,-0.00639592711145349,-0.274748302872676,-0.0266725673572464,0.623415863189216,-0.00999778659894278,-0.503799308345634
1.3641,-0.2084,-7.5443,27.1906,-0.2453,1.7617,0.2525,1,1,0.46,0.834438316098247,-0.75478327874072,-0.391296223407087,-0.993589034355837,-0.14721363781268,0.0272023338127453,-0.0370394295358368,-0.264205761111471
0.1822,0.1191,0.5303,28.4514,-0.0583,1.1363,0.0487,4,2,0.43,0.0406666047079081,0.248233920914289,-0.000415556747521582,-0.340521735129989,-0.0901113786368848,-0.246969875233594,-0.0795278014977623,-0.419293362273207
0.0306,0.0209,0.4646,28.4591,-0.2099,0.7887,0.0678,4,2,0.60,-0.0611506622284775,-0.0524445891936023,-0.00359743908539793,-0.336548808484741,-0.13641248851567,-0.399393472734724,-0.0755384017494159,0.429284466889648
0.0536,0.0329,0.6314,28.6076,0.1601,0.8061,0.0870,4,2,0.48,-0.0456631544741698,-0.015690569418776,0.00447514114682875,-0.259623210559607,-0.0234264204240483,-0.391752126368972,-0.0715517963215841,-0.186054815963821
0.0573,0.0363,0.5814,28.6160,0.0084,0.8462,0.1204,4,2,0.69,-0.0431848845863382,-0.00536881553201233,0.00205665884650466,-0.255277336432666,-0.0697427991030835,-0.374172207306054,-0.0645696524224143,0.900016431100812
0.0767,0.0630,0.2173,26.1111,-0.9183,2.2130,0.3705,1,1,0.17,-0.030175646719862,0.0765926485658503,-0.0155688296552568,-1.55276680506569,-0.35275001174102,0.225057527635326,-0.0124233806556567,-1.77600714866094
0.1243,0.0629,0.9770,33.4737,0.1652,1.4601,0.1841,4,2,0.57,0.00179336321530914,0.0761638516684773,0.0212060429210083,2.26096306376114,-0.0218598415183752,-0.105010932795603,-0.0513001608980978,0.281776492131312
0.0950,0.0549,0.7304,33.4547,-0.0391,1.1433,0.2484,4,2,0.66,-0.0178783237805136,0.0517836852178426,0.00926757004458865,2.25109031514857,-0.0842512131008481,-0.24392298153067,-0.0378829185748528,0.762076826389729
0.1187,0.0697,0.7036,33.5372,0.0861,1.0412,0.2551,1,1,0.68,-0.00198784531273737,0.0969605011910665,0.00797022565610415,2.29385495971593,-0.0460334060745328,-0.28866628675664,-0.0364822397456106,0.845585855122416
0.1659,0.0978,0.6958,33.6552,0.1252,0.9686,0.4163,4,2,0.69,0.0296990851230058,0.183148677563034,0.0075945766839161,2.35495618879982,-0.034084042998706,-0.320489885878266,-0.00286699243141636,0.943885422263577
0.0047,0.0042,0.1199,27.3949,0.5824,2.0602,0.0023,1,1,0.27,-0.0785589970503186,-0.10365519007986,-0.0202847733241433,-0.887780725904101,0.105527758969259,0.158043402249849,-0.0892167279064159,-1.24957632350543
0.1032,0.0493,1.0953,30.7356,0.0166,0.6637,2.2949,1,1,0.27,-0.012377773541668,0.0344786675738618,0.0269317852445138,0.842638611059863,-0.0672356621019964,-0.454163031052189,0.388869356678281,-1.24957632350543
0.0015,0.0005,1.9417,29.6146,0.2050,1.0403,0.0997,4,2,0.36,-0.0806813094745863,-0.11483453776137,0.0679056000691798,0.261980101369769,-0.00971809155939555,-0.289060848531119,-0.0688892725429301,-0.767014643786488
0.8876,0.0341,25.0711,29.0702,0.0246,1.1769,0.1556,3,2,0.34,0.514459421068549,-0.0121070524907305,1.18756269978773,-0.0200096333985521,-0.0647987615820604,-0.229197059303153,-0.0572462178612438,-0.898622388643818
0.0542,0.0385,0.4107,30.3967,0.0764,0.7370,0.2076,4,2,0.59,-0.0452601837607012,0.00136942142670583,-0.00620616629045127,0.667109842836239,-0.0489955533230766,-0.422028166530695,-0.0463981170435164,0.420196505476865
0.0701,0.0510,0.3747,30.4046,0.0079,0.6457,0.0195,1,1,0.58,-0.0345948922109004,0.039838628791024,-0.0079498358752726,0.671201905482583,-0.0698954871055858,-0.462054266541778,-0.0856217742468256,0.352358301494427
-0.0034,-0.0025,0.3469,30.3510,-0.0522,0.6115,0.1310,3,2,0.91,-0.0839453722536815,-0.124023042705077,-0.00929704088764289,0.643448397053328,-0.0882485850063573,-0.477038845932564,-0.0623613371976147,2.04287771774551
0.0536,0.0375,0.4307,30.4611,0.1164,0.6295,0.0397,1,1,0.50,-0.045690019188401,-0.00163215685490497,-0.0052394510875395,0.70048346262155,-0.0367682980826957,-0.469165146521841,-0.0814169539600603,-0.0651069283370716
0.1130,0.0796,0.4191,30.5499,0.0929,0.6753,0.1735,4,3,0.42,-0.00582278326924634,0.127405080904548,-0.00580050412718634,0.74649067834918,-0.043953795480452,-0.449108256319135,-0.0535060327708767,-0.459930008635255
0.1463,0.1298,0.1271,30.0098,-0.0075,3.7294,0.1711,4,2,0.59,0.0165353751497001,0.281036883563322,-0.0199333285383076,0.466728268818743,-0.0746104926228555,0.889832741357176,-0.0540105926967717,0.41745475138187
-0.9379,-0.1413,5.6371,27.3182,0.0071,1.1545,-0.1193,4,2,0.42,-0.711565542302381,-0.54917516645038,0.246796320980562,-0.927520352008851,-0.0701428416696394,-0.238995343369393,-0.114569983176666,-0.503799308345634
0.0868,0.0408,1.1267,29.2791,0.0391,1.1695,0.1144,4,2,0.55,-0.0233990225550327,0.00859771198242167,0.0284527763148937,0.088217653858047,-0.0603738632695449,-0.232419313794736,-0.0658360835762515,0.198108561377589
-0.0288,-0.0274,0.0511,25.6318,-0.0296,0.5129,-0.1926,3,1,0.31,-0.101038046683306,-0.200348890437466,-0.0236118807801336,-1.80104623134995,-0.0813684636136055,-0.520300352494378,-0.12985444595478,-1.03023013350115
-0.3319,-0.1466,1.2644,27.3082,0.1093,1.4920,0.0763,3,2,0.33,-0.304585270234825,-0.565285678451679,0.0351190933200505,-0.932694998317328,-0.0389456289983779,-0.0910522140184635,-0.0737778284547737,-0.942491688354197
0.0332,0.0263,0.2636,26.2255,1.6273,1.1873,0.1069,3,2,0.35,-0.0593977396248893,-0.0359359086447428,-0.0133270379153046,-1.49351995373799,0.424605985318329,-0.224624526738908,-0.0674005361123497,-0.854753243207246
0.0269,0.0204,0.3226,27.0055,0.1143,1.3851,0.0627,4,3,0.40,-0.0636087835806356,-0.0540372633838448,-0.0104714280094576,-1.08945725645525,-0.0374004264130551,-0.13791738478719,-0.0766023263371299,-0.591537753492585
0.1593,0.1505,0.0583,27.4287,0.1215,4.0824,0.4082,1,1,0.27,0.0252731234534097,0.344529452724334,-0.0232647927478413,-0.870278093395244,-0.0352078266971226,1.04459784378886,-0.00456116032060161,-1.24957632350543
0.0171,0.0085,1.0111,26.9882,0.0025,2.5435,0.3010,4,3,0.52,-0.0702242194600775,-0.0903931146111105,0.022860157016326,-1.09845461445107,-0.0715567325728103,0.369953763283331,-0.0269239267438678,0.0226316710836865
0.2608,0.1685,0.5478,27.2267,0.0758,4.8548,0.3144,3,2,0.49,0.0934826328865186,0.399721739086198,0.000431589774809712,-0.974905401488289,-0.0491818326861293,1.3832234723043,-0.024122940147439,-0.112166610372709
0.1136,0.0724,0.5693,27.3731,0.1577,1.1181,0.0065,3,2,0.34,-0.00540638019866218,0.105291412340027,0.00147333795541368,-0.899052027573018,-0.0241562690760091,-0.254953175137229,-0.0883325180356244,-0.898622388643818
-0.0265,-0.0183,0.4420,29.4687,-0.0183,0.5829,0.0064,3,1,0.55,-0.0994530285436626,-0.17256897715766,-0.00469243647597701,0.186447876674845,-0.0779146609970044,-0.489585910361011,-0.0883471224033356,0.196096213841289
0.0078,0.0056,0.4043,29.4358,0.0053,0.4990,0.0865,3,1,0.25,-0.0764568331617244,-0.0993978494559429,-0.00651646395948805,0.169369989909027,-0.0706894647185975,-0.526385371860795,-0.0716573155298555,-1.33731476865238
0.1767,0.1428,0.2371,25.7244,0.0943,1.9326,0.2384,1,1,0.32,0.0369727065011131,0.321037508418258,-0.0146117961268859,-1.7530758615173,-0.0435079465131454,0.102125230766677,-0.0399659059359827,-0.986360833790769
0.0131,0.0106,0.2429,27.0226,0.3209,0.7270,-2.0067,1,1,0.29,-0.0728838261689699,-0.0840836745497653,-0.0143300593977449,-1.0806049335912,0.025671933660578,-0.426434106345716,-0.508135898983888,-1.16183787835848
0.0540,0.0230,1.3510,30.2415,-0.2821,0.7875,-0.3677,1,1,0.33,-0.0454348044032043,-0.0460738924326324,0.039313194731181,0.586734480705453,-0.158469797357146,-0.399897635002114,-0.166361201438902,-0.927868537026135
0.0268,0.0127,1.1079,30.5091,0.3068,1.0403,-0.0332,3,2,0.42,-0.0636893777233293,-0.0774679509902966,0.0275446352429546,0.725346628067691,0.0213814007902645,-0.289082768629702,-0.0966195044625694,-0.459930008635255
-0.0312,-0.0225,0.3854,29.6125,-0.0231,0.7266,-0.0342,3,1,0.64,-0.102623064822949,-0.185310370679599,-0.00743235037105994,0.260887158055364,-0.0793590895006757,-0.426583163016075,-0.096810580437443,0.681513810272281
0.0680,0.0528,0.2883,29.5616,0.0447,0.7356,0.1549,4,2,0.34,-0.0359985735294825,0.045351731757248,-0.012132803360681,0.234521843030186,-0.0586637576415196,-0.422663849389579,-0.0573930887108559,-0.898622388643818
0.1121,0.0946,0.1857,28.7009,-0.0089,1.2167,0.1756,1,1,0.57,-0.0063802260895445,0.173255720573643,-0.0170965978978154,-0.211290252897534,-0.0750258039896617,-0.211744276812012,-0.0530615301594571,0.284661412319046
0.1397,0.1216,0.1482,28.7728,0.0745,1.0820,0.1936,3,1,0.58,0.0121094134801039,0.256166663515689,-0.0189157845440559,-0.174057662641937,-0.0495604989323349,-0.270770718274138,-0.0493136146501061,0.354615018740747
0.1715,0.1534,0.1181,28.8579,0.0888,1.5131,0.4071,3,1,0.32,0.0335205907223992,0.353503559219354,-0.0203704561438305,-0.129972162410249,-0.0451875145406703,-0.0818150844759279,-0.00479106459026786,-0.986360833790769
-0.0645,-0.0393,0.6430,27.3964,-0.0472,0.8759,0.4064,3,1,0.71,-0.125014804134684,-0.236643484965107,0.00504055094001901,-0.887008931810043,-0.0867278125014347,-0.36112974864965,-0.00493115357509646,1.02633860106232
0.2286,0.1180,0.9370,27.8174,0.2006,1.5602,0.2230,3,2,0.39,0.0718296732161422,0.245048572533804,0.0192687398453684,-0.668943431368979,-0.0110586922213654,-0.0611268954340551,-0.0431779888284036,-0.635407053202964
-0.1245,-0.0258,3.8238,28.4558,-0.0506,2.0147,0.1936,4,3,0.47,-0.165285010767307,-0.195417726117677,0.159014514252866,-0.338221892326222,-0.0877783059586503,0.138091728520338,-0.0493136146501061,-0.196714673194402
0.1637,0.1500,0.0913,25.2864,0.0734,1.3566,0.2376,1,1,0.14,0.0282215258402878,0.342936778534092,-0.0216697368672232,-1.97993670673494,-0.04990252005794,-0.150403072939606,-0.0401327057179551,-1.95148411609175
0.0713,0.0439,0.6251,28.7090,0.0934,1.5909,0.1186,4,2,0.53,-0.0338023831410789,0.0180006153748147,0.00417404106860585,-0.207104953380767,-0.0438011074779497,-0.0476942590228879,-0.0649616090682658,0.0665006622464518
0.0773,0.0574,0.3476,31.2121,0.0321,0.3863,-0.4229,1,1,0.29,-0.0297525274707201,0.0593795159713067,-0.0092607346081144,1.0894780456787,-0.0625206565847267,-0.575775737986189,-0.17787298570817,-1.16183787835848
-0.4707,-0.0880,4.3508,30.2937,0.9710,0.8856,0.4540,1,1,0.60,-0.397805828617215,-0.385803548551277,0.184529599338031,0.613778352954266,0.224190766993915,-0.35690793766272,0.00498003912551618,0.463114552894326
0.3666,0.0601,5.1004,30.2958,0.0021,0.9130,-1.2452,3,1,0.55,0.164539802028139,0.0676797987704549,0.220816031433706,0.614840217311862,-0.0716910980150123,-0.344900107659395,-0.349353363158341,0.183766651199379
-0.6440,-0.0665,8.6850,30.2695,-0.0260,0.9757,0.6992,1,1,0.61,-0.514183770666931,-0.32004448150415,0.39433874789587,0.601222454403965,-0.0802416261551388,-0.317403535997893,0.0561267720194689,0.483923312507265
0.0743,0.0065,10.5212,30.3551,0.0894,0.9857,0.1614,1,1,0.48,-0.0317740972166206,-0.096641297972831,0.483227654107321,0.645582485420788,-0.0450134502178177,-0.313028284320888,-0.0560193851482419,-0.193239809969347
0.2006,0.0175,10.4417,30.4911,0.1457,1.0112,1.6389,1,1,0.56,0.0530378056113924,-0.0627050863807413,0.479376768058666,0.716012581373119,-0.0278391036963636,-0.301809577866522,0.252062606960771,0.241977861087968
0.0776,0.0654,0.1860,25.8237,0.1130,1.4528,0.1217,3,2,0.43,-0.0295577582925436,0.0840353375702526,-0.0170840117209122,-1.70163500817447,-0.0378248990600113,-0.108224419247753,-0.064316558798384,-0.416060863198683
0.0308,0.0163,0.8867,27.5311,0.1120,5.9134,0.0940,4,3,0.32,-0.0610230548358791,-0.0664417450578487,0.016836703200687,-0.817241853602944,-0.0381272213049658,1.84731579948647,-0.0700948246822266,-0.986360833790769
0.0466,0.0140,2.3375,27.4286,0.5229,1.6455,0.0888,3,1,0.54,-0.0504182088930986,-0.0736700356135645,0.0870661180694055,-0.870314352178187,0.0873670479516406,-0.0237618953908508,-0.0711745809960828,0.162662302972553
0.0679,0.0146,3.6590,27.8491,0.5228,1.0259,0.1839,3,2,0.36,-0.0361194647435231,-0.0718017062750108,0.15104020301723,-0.652492303565449,0.0873212415508899,-0.295382604962223,-0.0513387530967026,-0.810883943496867
0.1260,0.0912,0.3820,29.0512,0.1123,1.6168,0.2327,4,2,0.40,0.00293511357013669,0.162842081637443,-0.00759355025216641,-0.0298254039236435,-0.0380172859431642,-0.0363396479573125,-0.0411534575360992,-0.60433291448351
0.1570,0.1200,0.3075,22.2441,-0.9989,0.8140,0.1021,4,2,0.54,0.0237284023851136,0.251266127545712,-0.0112004581023895,-3.55578485201593,-0.377354156464234,-0.388291407508934,-0.068398087365779,0.15423926166721
0.0083,0.0069,0.2084,29.7468,-0.1630,0.1419,0.2549,3,1,0.57,-0.0761143080552761,-0.095354907280712,-0.015998211921147,0.330462582695485,-0.122099515161108,-0.682948998718814,-0.036541252442674,0.291897779502247
0.0793,0.0712,0.1146,30.2694,0.6864,0.1176,0.3935,3,1,0.53,-0.0284092917591583,0.101585382012732,-0.0205394013645698,0.601155116664214,0.137292971009829,-0.693599533648894,-0.00763945196661535,0.0981181533135636
0.0143,0.0127,0.1310,30.4638,0.2147,0.1327,0.0687,4,2,0.76,-0.0720644523849172,-0.077590464389546,-0.0197459881359406,0.701887195504031,-0.00676205183095182,-0.686979379682994,-0.0753583993887405,1.294839511399
-0.1897,-0.0729,1.6011,28.2569,-0.0746,1.1758,0.1353,4,1,0.28,-0.209121508214127,-0.339799767133119,0.0514210969120669,-0.441243454317535,-0.0950890075184584,-0.229666149412812,-0.0614762048310594,-1.20570702379505
0.0499,0.0191,1.6063,32.2346,-0.0386,2.0341,0.1129,3,1,0.55,-0.0482085861475794,-0.0578045504107645,0.0516704000314958,1.61912562759513,-0.084104632618446,0.146623030888527,-0.0661476690166043,0.183766651199379
0.0479,0.0184,1.6036,32.3166,0.0854,1.5675,0.1181,1,1,0.61,-0.0495115247877944,-0.0600404199470664,0.0515406655926474,1.66157948259442,-0.0462349542378357,-0.0579528651593538,-0.0650550979423696,0.479795253984089
0.0694,0.0320,1.1658,32.5128,0.2168,1.1461,0.1239,4,3,0.83,-0.0350986056027361,-0.0182939791528262,0.0303460277713724,1.76322839066006,-0.00610549342019211,-0.242682303950918,-0.0638550138882455,1.63345509001171
0.0087,0.0035,1.4848,32.6111,0.1033,1.0841,0.2002,2,1,0.36,-0.0758792418057528,-0.1057379178671,0.0457902349990625,1.8141305420849,-0.0407839925485051,-0.269885146291418,-0.047947787290714,-0.767014643786488
0.0933,0.0575,0.6229,31.6282,0.0450,0.8718,0.1011,4,2,0.76,-0.019026790313899,0.0596857994694302,0.00406705856492859,1.30501579096608,-0.0585813061201684,-0.362922812713673,-0.0685979947929131,1.28080121207263
0.0141,0.0080,0.7656,31.7397,0.1179,0.8598,0.1558,4,2,0.59,-0.072212208313189,-0.0919245321017282,0.0109749333498815,1.3627397734102,-0.0363193953553391,-0.368223092550847,-0.0571942857159196,0.420196505476865
0.0429,0.0250,0.7126,31.7496,0.0100,0.7639,0.1506,1,1,0.57,-0.0528964787809301,-0.0397338240214749,0.00840590101044596,1.36787816093574,-0.0692725200553765,-0.410226385454043,-0.0582912667789619,0.282573162069786
0.0698,0.0409,0.7085,31.8054,0.0574,0.7143,0.2012,4,2,0.69,-0.0347896613890769,0.00881211043110816,0.00820839484981101,1.39679713024528,-0.0547824286179122,-0.431971123247578,-0.0477211213637178,0.900016431100812
0.1475,0.0593,1.4889,26.3228,0.0869,2.9667,1.1439,3,1,0.18,0.0173950460050996,0.0651376457360295,0.0459872570759704,-1.44312024544821,-0.0457891052705291,0.55547670964357,0.14886011269457,-1.73213792608747
0.8122,0.4713,0.7233,29.4574,0.6723,2.1425,1.6482,4,2,0.34,0.463779137671322,1.3271175430545,0.00892435468211271,0.180589493316597,0.132974954299065,0.194154572654152,0.254007394539639,-0.910784255657703
1.0881,0.5926,0.8362,29.4824,0.0253,2.2385,2.9807,2,2,0.47,0.649078504081274,1.69857816957875,0.0143891758767401,0.193507979696321,-0.0646063746989075,0.236223625853094,0.531873523880809,-0.240583818630974
-0.1110,-0.0322,2.4433,29.0522,-0.0074,1.2682,-0.0081,3,1,0.12,-0.156211453535707,-0.215081126697209,0.0921906284039193,-0.0293074213101834,-0.0745860625424551,-0.189149039193489,-0.0913713408782338,-2.03922259980715
0.0487,0.0356,0.3686,26.3242,0.1523,1.4132,0.0625,3,1,0.34,-0.0489675143246118,-0.00735965826981541,-0.00824222244640866,-1.44238988996323,-0.0258236220633338,-0.125598289383998,-0.0766566757040769,-0.878567873672474
0.1675,0.1158,0.4465,26.5655,0.2730,1.2114,0.0520,3,1,0.51,0.0308139707636021,0.238310335575086,-0.00447508288253315,-1.31737478620435,0.0110413692608115,-0.214063423242008,-0.0788384001133599,0.0012595035282017
0.0661,0.0306,1.1570,28.7274,0.0102,0.8054,0.1217,4,2,0.37,-0.0372947959911397,-0.0225513197767436,0.0299195500078445,-0.197568893466945,-0.0692022835742255,-0.39203708765054,-0.0642988915208383,-0.74299112658681
0.0644,0.0293,1.1962,28.7859,0.0603,0.8651,-0.0746,4,3,0.46,-0.0384365463459672,-0.0265942619519745,0.0318205468039559,-0.167251371101056,-0.0539090532435993,-0.365895178081418,-0.105244189161116,-0.284453118341353
-0.0713,-0.0630,0.1328,30.9125,7.3864,1.6651,-0.0735,4,2,0.55,-0.129588521732552,-0.309232674020389,-0.0196593371487993,0.934300814337972,2.18331525830015,-0.0151419034269943,-0.105015316757962,0.181396388431232
0.0746,0.0722,0.0343,30.9418,0.0297,0.9853,-0.1185,3,2,0.44,-0.0315658956813285,0.104617588644155,-0.024429014111388,0.949467345260118,-0.0632443977165874,-0.3131854153034,-0.114399910535804,-0.372191563488304
0.1208,0.0739,0.6351,29.4651,0.1976,0.8946,0.4110,3,2,0.53,-0.000584163994155264,0.109793779762443,0.00465715662819821,0.184562419961845,-0.0119656589562288,-0.35293163177991,-0.00398300303117557,0.110369961956831
0.4377,0.0564,6.7575,31.6847,0.1504,0.9904,0.1537,1,1,0.70,0.212251534502814,0.0564085660395082,0.30103257767512,1.33429216827891,-0.0263977289527423,-0.31093272289643,-0.0576418708669881,0.964640803139353
0.0186,0.0026,6.2613,31.5721,-0.1066,0.4761,-0.1711,4,2,0.66,-0.0692167926764062,-0.108555726049837,0.277012827222802,1.27593624704636,-0.104854932158503,-0.536403521398725,-0.125355992296147,0.754516792759797
-2.5434,-0.0984,24.8489,31.5097,-0.0605,0.5528,-1.1355,1,1,0.59,-1.78988159065142,-0.417748917405563,1.17680829570767,1.24362449161864,-0.0907862596079448,-0.502769512225304,-0.32646972296926,0.395032596297096
0.3456,0.0529,5.5339,31.7298,0.2463,0.4128,-0.1185,4,2,0.76,0.150388813806835,0.0455967585557468,0.241797188331353,1.35765836397215,0.00288782992719092,-0.56416776981798,-0.114406203777492,1.28876513452884
0.1975,0.1240,0.5924,31.8881,0.1714,0.8468,9.4330,3,1,0.84,0.0509557902584716,0.263486839120842,0.00258721461134758,1.43961875290012,-0.0199665102873472,-0.373915178543068,1.87736629517875,1.68966259169718
1.2496,-0.1078,-12.5896,28.2428,-0.0102,1.3079,-0.0316,2,1,0.26,0.75757836868268,-0.446631451278614,-0.635530018046381,-0.448547009167339,-0.0754441691165178,-0.171735712879795,-0.096274828675805,-1.29344562321581
-0.3178,-0.0736,3.3184,30.3431,-0.0466,1.0699,-0.1868,4,2,0.69,-0.29512889082543,-0.341790609870922,0.134549406771665,0.639366694059253,-0.0865354256182819,-0.276114838308477,-0.128636072518107,0.942961939255888
-0.6887,-0.1177,4.8533,30.1197,-0.2003,1.0228,-0.5503,3,1,0.57,-0.544252102070242,-0.476800375843784,0.20885238620348,0.523618299255195,-0.133468663827426,-0.29672849901517,-0.204445158109254,0.319291870833561
0.0062,0.0010,4.9638,30.1344,0.0148,1.0000,0.9405,3,1,0.53,-0.0775515702666472,-0.113241863571127,0.214199575052435,0.531243003325346,-0.0677914464311046,-0.306754752106665,0.106427596401998,0.110369961956831
0.6796,0.5202,0.3064,31.1785,0.5200,2.6151,1.2183,4,2,0.44,0.374715893816216,1.47682891693729,-0.0112546754798188,1.07208936934481,0.0864845112971776,0.401336768423455,0.164355404575823,-0.388642550879696
1.1535,0.5834,0.9774,31.7592,0.7873,1.1773,2.9482,3,2,0.47,0.693035892742135,1.67033883105176,0.0212263744375443,1.37287669315564,0.168096248634635,-0.229026082534212,0.525094144650589,-0.240583818630974
0.0418,0.0236,0.7740,26.8280,0.0153,0.9789,0.1061,4,2,0.36,-0.0536285422437313,-0.0442668197937035,0.0113796273456923,-1.18141470982303,-0.0676570809889026,-0.3159918816492,-0.0675518921429708,-0.810883943496867
0.0700,0.0617,0.1342,27.6353,-0.1708,2.1459,0.0523,4,2,0.36,-0.0347023510678254,0.0725190780408071,-0.0195896290921046,-0.76324734597574,-0.124484501760193,0.195623219259159,-0.0787864386735992,-0.775616488433947
0.0458,0.0405,0.1301,27.7143,0.0278,1.7504,0.1196,4,2,0.37,-0.0509286384634921,0.00774011818767571,-0.0197876193364666,-0.72230600020776,-0.0638429346863962,0.0222264714345877,-0.0647376387480813,-0.724865805569885
0.0978,0.0872,0.1217,27.7684,0.0556,1.5961,0.1177,3,1,0.64,-0.0159843614272115,0.150743883461562,-0.020197638253275,-0.694298680297909,-0.0553504279872206,-0.0454233368097729,-0.065144474353067,0.683570588664948
0.1288,0.1128,0.1416,27.7031,-0.0632,1.7996,0.1667,1,1,0.50,0.00481564356632323,0.229152458981192,-0.0192323753015443,-0.728107405478526,-0.091610774821457,0.0437958484394645,-0.0549218463149662,-0.0651069283370716
-0.0292,-0.0221,0.3205,29.0743,0.0056,3.9802,-0.0059,4,3,0.49,-0.101293261468502,-0.184085236687105,-0.0105735696758644,-0.0178600055526882,-0.0706192282374465,0.9997971079046,-0.0909113200090131,-0.108976228047451
0.2159,0.0379,4.6935,28.9585,-0.1280,1.1585,-0.2172,1,1,0.51,0.0633337073405137,-0.000223252763536644,0.201118664580185,-0.0778527518437734,-0.11141746250605,-0.237272423620833,-0.134972887783074,-0.0212376286266925
-0.0826,-0.0560,0.4741,25.7666,-0.2246,2.8147,-0.0973,1,1,0.42,-0.137144222610087,-0.287976599250614,-0.00313949587961198,-1.73119109609857,-0.140892354509086,0.488839609953707,-0.109968616516562,-0.500758880160615
-0.0532,-0.0435,0.2218,26.1415,0.4549,1.0447,-0.2221,3,1,0.26,-0.117385225293013,-0.249629905285545,-0.0153490556431777,-1.53698905465966,0.0665892645711333,-0.287131879855886,-0.136003690677543,-1.29344562321581
0.3800,0.1719,1.2111,28.1535,0.0706,1.0626,1.0225,2,2,0.36,0.173532765117045,0.409982236273337,0.0325413474735281,-0.494813216201701,-0.0507636803920527,-0.279293252602895,0.12353401304131,-0.810883943496867
-0.0064,-0.0043,0.4656,26.6254,0.0308,0.5740,0.0255,2,1,0.50,-0.0859602258210242,-0.129689287420362,-0.00354903071269328,-1.28636316713642,-0.0629023765909823,-0.49351399202694,-0.0843767302846489,-0.0651069283370716
0.1147,0.0630,0.8197,27.4018,0.5191,1.4993,0.2640,1,1,0.28,-0.00464073584307195,0.0766845336152874,0.0135914058945676,-0.884175566914411,0.0862127266527235,-0.0878562636451799,-0.0346445998422681,-1.20570702379505
0.1905,0.1547,0.2314,27.9625,0.1917,0.9012,0.0000,3,1,0.77,0.0462208843752162,0.357301474596086,-0.0148857875163942,-0.593737535720536,-0.0137673773857554,-0.350055714845926,-0.089686384590486,1.31660908828088
0.1424,0.1284,0.1085,28.1724,0.0123,0.7835,0.1812,4,2,0.62,0.0139429302263857,0.276993941388091,-0.020833240186887,-0.485059603590224,-0.068557940203666,-0.401633706809824,-0.0518978973248397,0.549062341965393
3.6230,-0.1068,-34.9300,30.6318,1.6116,1.2032,0.0022,3,1,0.47,2.35160290377164,-0.443446102898129,-1.71699194353352,0.788887555260986,0.419817689559859,-0.217645167350338,-0.0892287486028865,-0.196714673194402
-0.0221,-0.0153,0.4470,26.9219,-0.0013,0.7845,0.0433,4,3,0.51,-0.0965583555852469,-0.163257958814704,-0.00444991052872674,-1.13279168189742,-0.0727141076317775,-0.401230376995912,-0.0806644965503935,-0.0212376286266925
0.1740,0.1429,0.2179,29.2823,0.2109,3.1185,0.0953,4,2,0.67,0.0351593382905046,0.321160021817507,-0.0155407527990881,0.089890737699528,-0.00791331936981885,0.622021744919388,-0.0698169669020483,0.812277831680054
41.3528,-0.0692,-598.4446,27.1171,-0.0108,4.0954,-0.0498,4,2,0.30,27.6915632655642,-0.328406021002923,-28.9958181770939,-1.03168147574978,-0.0756273947195205,1.05027471091967,-0.100066884547058,-1.1179685786481
0.1650,0.1155,0.4290,28.1578,0.2562,4.2328,0.1925,3,2,0.49,0.0291550746598233,0.237360856730903,-0.00532271348859149,-0.492580711137682,0.00590494485663556,1.11053744594183,-0.0495503697424636,-0.108976228047451
0.0794,0.0508,0.5627,30.5426,0.1904,1.0075,-0.7084,3,1,0.10,-0.0283421299735802,0.0392873184944016,0.00115190636065484,0.742709405270913,-0.0141765812324615,-0.303462353299619,-0.237405069397785,-2.12696108352255
-0.0230,-0.0049,3.7218,30.5288,-0.0270,1.6429,0.1288,4,3,0.51,-0.0971157984055451,-0.131281961610605,0.154076860236992,0.73551980659607,-0.0805592172003435,-0.0248754363988262,-0.0628285750546802,-0.0212376286266925
0.2417,-0.3074,-1.7860,29.3094,0.0404,2.6552,0.1303,4,2,0.44,0.0806077185911986,-1.05803457023285,-0.1125458067782,0.103922886698193,-0.0599890895032392,0.418905727437082,-0.0625111393454478,-0.372191563488304
0.2017,0.1704,0.1835,29.4593,0.1106,5.5738,-0.0996,4,3,0.68,0.0537765852527514,0.405571753900358,-0.0172045485689467,0.181563300629904,-0.0385578014720222,1.69843887393594,-0.110463331334371,0.856147131390433
0.0614,-0.0624,-1.9853,27.8190,0.0870,2.3860,-0.1474,1,1,0.32,-0.0404245351990787,-0.307394973031647,-0.122194079541963,-0.668073220578364,-0.0457371913496784,0.300865996571978,-0.120431251680379,-0.994234814617601
0.0463,-0.0656,-1.7050,27.5322,-0.2494,2.9128,-0.3137,1,1,0.13,-0.050612978071275,-0.317410443420288,-0.10862376042167,-0.816651353423598,-0.148468733193248,0.531829307293101,-0.155109108246176,-1.99535333866522
0.0390,0.0230,0.6939,26.6386,0.4054,1.1010,0.1310,4,2,0.52,-0.0555023560613601,-0.0458901223337583,0.00750405302695842,-1.27950507733419,0.0514853673636098,-0.262445464832622,-0.0623585724121168,0.060132548048094
0.0324,0.0137,1.3743,26.9075,0.3085,1.0705,0.2340,4,2,0.54,-0.0599216015523984,-0.0745888861079352,0.0404406257314721,-1.14021437274832,0.0219035937588222,-0.275834261046625,-0.040893920985218,0.126617770744627
0.1724,0.1237,0.3930,31.0104,0.0618,3.9133,0.2269,3,1,0.71,0.0340780335426974,0.262598616976284,-0.00706251040359645,0.985011312195831,-0.0534509892360925,0.97047678404106,-0.0423656813387276,1.0441581513941
0.1647,0.1234,0.3345,31.0701,0.0615,3.6845,0.2040,3,1,0.69,0.0289334407674156,0.261618509782288,-0.00989682062545345,1.0159400540456,-0.0535242794772936,0.870152876850084,-0.0471566399263673,0.939756746645174
0.1439,0.1021,0.4094,31.1990,0.1376,3.0431,0.2157,4,2,0.50,0.0149570731886149,0.196318867982347,-0.00626958125869436,1.08270801292076,-0.0303034880567501,0.588939932139144,-0.0447115525953676,-0.0404564423864343
0.1113,0.0735,0.5136,31.3161,0.1242,2.6644,0.2031,3,1,0.42,-0.00693095273128484,0.10884430091826,-0.00122736515777849,1.14333787782641,-0.0343985802838607,0.422930257536772,-0.0473265276434105,-0.503799308345634
0.1175,0.0547,1.1477,29.5529,0.0598,0.9964,0.2163,4,3,0.51,-0.00274677348976979,0.0512323749212202,0.0294727407277806,0.230036113597612,-0.0540495262059013,-0.308306695086284,-0.0445728008308875,-0.0212376286266925
0.1055,0.0273,2.8644,29.8975,0.1341,1.1179,0.1715,3,1,0.26,-0.0108532010090453,-0.0328118169638826,0.112571037396302,0.408548461674772,-0.0313692503142158,-0.255036471511841,-0.0539271769867505,-1.29344562321581
0.0761,0.0432,0.7609,27.0271,0.0390,0.6043,0.1019,4,3,0.53,-0.0305920497904462,0.0159485159373869,0.0107464458307156,-1.07827919165676,-0.0604013471099953,-0.480234796305848,-0.0684281975048555,0.0665006622464518
-0.7020,-0.1155,5.0771,25.0371,-0.2670,35.2365,0.1441,1,1,0.14,-0.553191335730686,-0.470215280634128,0.219688116349688,-2.10908013192311,-0.153852512161478,14.7026162701762,-0.0596457431672396,-1.90761489351827
0.1265,0.0517,1.4439,27.9665,0.0219,1.1419,0.2846,1,1,0.74,0.0032373416052381,0.042074498327326,0.0438069439693532,-0.591701864049633,-0.0656202230355225,-0.244510440172673,-0.0303411868531106,1.15290946040043
0.3323,0.1481,1.2440,28.1925,0.2536,1.1390,0.5598,1,1,0.72,0.141510025753411,0.337209277119181,0.0341339829355109,-0.474627433755115,0.00512623604387404,-0.245799341969305,0.0270541203410521,1.08227704922867
0.2621,0.1375,0.9056,28.2382,0.0468,1.1119,-0.1595,1,1,0.72,0.0943221552062448,0.304835111367522,0.0177487169424425,-0.4509504484938,-0.0580316293111602,-0.257675651381137,-0.122939153415914,1.05194249913917
-0.1789,-0.1171,0.5285,28.3000,0.0611,1.3297,-0.0449,4,3,0.72,-0.201861319193135,-0.474962674855043,-0.000506080404479271,-0.418928763329623,-0.0536678061996457,-0.162213622055691,-0.0990429968231886,1.06204928477226
-0.0798,-0.0496,0.6076,28.3763,0.0793,0.9838,-0.0417,4,3,0.48,-0.135277124971016,-0.268405083720519,0.00332350596018523,-0.379417049574797,-0.0481130166686135,-0.313834943948713,-0.098383285753705,-0.152845373484023
0.2321,0.1143,1.0298,28.7997,0.0755,2.7789,0.1944,3,1,0.28,0.0741601871757019,0.233746711453045,0.0237615209160866,-0.160129110165964,-0.0492520691672804,0.473148764986602,-0.0491478257478992,-1.20570702379505
0.2752,-0.0818,-4.3661,25.7982,-0.0609,1.6554,0.0646,1,1,0.22,0.103160646188321,-0.366813971667617,-0.23744521736091,-1.71484874464386,-0.0909206250501468,-0.0194304839110097,-0.0762206342869582,-1.51279173608319
0.0883,0.0581,0.5212,28.2078,0.0504,2.1733,0.0794,3,1,0.34,-0.0223714472356879,0.0614316154087345,-0.00085704110658795,-0.466697119943023,-0.0569231144129939,0.207657353380782,-0.073118760017734,-0.898622388643818
0.0111,0.0062,0.7985,29.4428,0.1245,0.6261,0.0357,4,2,0.48,-0.074253926594763,-0.0975295201173893,0.0125661165606832,0.173001048029389,-0.0343039137223093,-0.470673249304296,-0.0822350263553039,-0.188358586721223
0.0161,0.0069,1.3457,29.6643,0.2479,0.7167,0.0481,3,1,0.71,-0.0708689726016272,-0.095354907280712,0.0390571144395734,0.287729017084928,0.00339475409549843,-0.430918958515632,-0.0796638935188735,1.00808430714288
0.0061,0.0030,1.0440,29.6809,0.0168,0.6514,0.1195,4,2,0.49,-0.0775784349808785,-0.107238707007906,0.0244484357247655,0.296332708294519,-0.0672020707414459,-0.459546607263975,-0.0647657998716458,-0.13767563005836
0.0040,0.0019,1.0805,29.7155,0.0353,0.6552,0.1279,3,1,0.66,-0.0789821162994606,-0.110454683738203,0.026215341328485,0.31427562602482,-0.0615526146488623,-0.457885063791445,-0.0630122825305359,0.769133618861779
-0.0658,-0.0305,1.1565,29.7851,0.0721,0.6706,-0.1097,4,2,0.70,-0.125894623525757,-0.209874307229108,0.0298943776540381,0.350327215921724,-0.0503025626244959,-0.451129289408413,-0.112571482121056,0.987754721973956
0.0134,0.0090,0.4882,27.5430,-0.0945,1.1268,-0.0790,3,2,0.33,-0.0726957731693513,-0.0888310687706804,-0.0024550014895683,-0.811041601719813,-0.101187366338399,-0.251165382102226,-0.106165760511604,-0.942491688354197
0.0602,0.0528,0.1402,26.2036,-0.0085,1.3942,0.1123,4,2,0.54,-0.0412640575188048,0.0452598467078109,-0.0192991788558767,-1.50481715453758,-0.0749005998276098,-0.13394107890438,-0.0662632901510584,0.15423926166721
0.0039,0.0036,0.0876,28.4803,-0.0094,0.6580,0.0087,3,1,0.42,-0.0790559942635965,-0.10533974931954,-0.0218464274275952,-0.325536498122555,-0.075184599512264,-0.456683842389141,-0.0878724526181449,-0.503799308345634
0.0704,0.0114,5.1636,28.4973,0.0597,1.0820,0.1174,3,1,0.44,-0.0344001230327239,-0.0814190081160904,0.223871567918823,-0.316741153345982,-0.054092278846602,-0.27080579043187,-0.0652005827216762,-0.372191563488304
0.2299,0.1760,0.3062,27.8989,-0.0012,2.5803,0.3261,3,2,0.41,0.0727094926072151,0.422662373095652,-0.0112662934892679,-0.626701949241212,-0.0726744087511269,0.386069419760958,-0.0216815739111095,-0.547668608056013
0.0051,0.0042,0.2013,27.7574,0.0451,6.8789,0.0606,3,2,0.37,-0.0782970660865641,-0.103502048330799,-0.0163433636185311,-0.700001668872117,-0.058553822279718,2.27059728712831,-0.077045443885173,-0.723145498349916
0.0442,0.0362,0.2202,29.3681,0.0197,1.7139,0.0517,4,2,0.90,-0.0520300917469728,-0.00555258563088645,-0.0154294135418674,0.134307746803831,-0.0662889964864824,0.00622918348930414,-0.0789021270412099,1.99896830684535
0.0706,0.0556,0.2711,29.5594,0.0923,1.3352,0.0973,4,1,0.65,-0.0342657994615678,0.0537438996058333,-0.0129634910362927,0.23340300058511,-0.0441431286035548,-0.159793643172217,-0.0693899946746986,0.708710122583238
0.1101,0.0718,0.5347,30.5711,0.0483,3.4524,0.0630,3,2,0.34,-0.0077167456225485,0.103423083001474,-0.00020546440998342,0.75747190975456,-0.0575613502634533,0.768391011192116,-0.0765512136413463,-0.898622388643818
-0.0889,-0.0241,2.6949,30.2517,-0.1634,0.9501,0.0918,4,2,0.79,-0.141368698922949,-0.190057764900514,0.104366302306592,0.591992004232085,-0.12222471932316,-0.328595938333961,-0.0705489991354561,1.4180675658907
0.0011,0.0002,5.1582,30.7813,0.6984,0.9351,0.0656,3,1,0.56,-0.0809768213311299,-0.11587590165499,0.223611614957399,0.866351855104121,0.140948321789733,-0.335185119967768,-0.0760120724430601,0.268038718180651
0.1118,0.0182,5.1316,30.8384,0.0587,0.9430,0.1283,4,3,0.83,-0.00662200851762563,-0.0605611018938765,0.222324436327182,0.89591830268049,-0.0543793322913062,-0.33174804851008,-0.0629236944404702,1.6457932919868
0.0831,0.0676,0.2295,26.7288,0.1199,0.5131,0.1075,3,1,0.37,-0.0258571439071908,0.0906816894795337,-0.0149787315919871,-1.23278304559999,-0.0357025358252299,-0.520177599942318,-0.0672734097258536,-0.755316215288322
0.2830,0.1479,0.9134,28.6180,0.0576,1.5035,0.1011,4,2,0.26,0.10840598164197,0.336657966822559,0.0181306590030822,-0.254246551031878,-0.0547335684571115,-0.0860237434037087,-0.068594656606918,-1.29344562321581
0.0689,0.0372,0.8531,26.6939,0.0482,0.9107,0.1084,3,1,0.66,-0.0353941174592797,-0.00245912229983858,0.0152092137103568,-1.25087099846206,-0.0576132641843041,-0.345882128075877,-0.0670903508879522,0.753410649564821
0.0905,0.0547,0.6535,26.6912,-0.0027,0.8278,0.1261,4,2,0.29,-0.0209140364886433,0.0512323749212202,0.00554738660223665,-1.25227473134454,-0.0731446877988338,-0.382238803584301,-0.0633932859682871,-1.16183787835848
0.1149,0.0358,2.2083,30.0939,0.3889,1.0585,0.1227,1,1,0.42,-0.00450641227191577,-0.0066858345739436,0.0808107881485112,0.510285426784702,0.0464344482408351,-0.281081932647202,-0.0640896052394286,-0.480510751561698
0.0767,0.0338,1.2712,30.2808,0.2178,1.0166,0.2136,3,1,0.87,-0.0301487820056308,-0.0129033895858517,0.0354502065893503,0.607096377240616,-0.00581843997548786,-0.299450975259078,-0.0451486793611292,1.84797312695742
0.1053,0.0539,0.9518,30.2493,-0.0310,0.8742,0.2163,4,2,0.81,-0.0109808084016437,0.0488127352860441,0.0199866360125783,0.590764385438182,-0.0817959900206118,-0.361905720139459,-0.0445776722973822,1.52126131527976
0.1479,0.0786,0.8820,30.3626,0.1200,0.8828,0.0573,4,2,0.79,0.0176166798975073,0.124250360873875,0.016607731597794,0.649456995369479,-0.0356811595048796,-0.35812669514389,-0.0777439972658669,1.42644710198252
-0.0364,-0.0200,0.8253,31.3423,-0.2087,0.7535,0.3323,2,1,0.67,-0.106162490922914,-0.177530769827261,0.0138639450328947,1.1569401012559,-0.136052144829764,-0.414794533998572,-0.0203941490150946,0.836430630329855
0.1516,0.0882,0.7198,31.3911,0.0499,1.2976,0.5258,2,1,0.51,0.0201285306781279,0.153592319994111,0.00875879804746283,1.18218139400987,-0.057066641135346,-0.176255637207443,0.0199482557835782,-0.0180472463014336
0.4357,0.2027,1.1495,32.2478,1.3555,0.8379,0.1566,4,2,0.62,0.21091501496981,0.504409438744828,0.0295564872125597,1.62595781826669,0.341607840918152,-0.377797791611549,-0.0570258903181627,0.549062341965393
0.1063,0.0703,0.5107,28.3662,0.0499,1.8146,0.1760,1,1,0.58,-0.0103226229029784,0.0990432289783067,-0.00136774943862196,-0.384638314318487,-0.057069694895396,0.0503894140929879,-0.0529852257155092,0.324908671592654
0.1064,0.0744,0.4314,28.3287,-0.0368,1.6225,-2.7296,4,2,0.44,-0.0102151640460535,0.111325197253061,-0.00520411297546511,-0.40405748249715,-0.0835549558094378,-0.033814452600644,-0.65888957476653,-0.372191563488304
0.6907,0.0756,8.1318,27.8507,0.7703,2.2943,-3.0335,1,1,0.39,0.382211149086731,0.115276254378855,0.367560688366841,-0.651658351557777,0.162910964069658,0.260703991949686,-0.722257681838973,-0.646150526836848
0.0240,0.0024,9.0303,27.9826,0.1409,2.0201,-0.1437,3,1,0.21,-0.0655699077195159,-0.109076407996647,0.411053674907057,-0.583372703625176,-0.029286585960085,0.140472251226364,-0.119647706789662,-1.55666095865666
-0.1824,-0.0915,0.9937,27.5898,-0.0802,0.8324,-0.1536,1,1,0.40,-0.204185116974137,-0.396584727685226,0.0220178513312652,-0.786820734714362,-0.0968204894668341,-0.380217770495023,-0.121725988740677,-0.58276389355051
0.1192,0.1086,0.0973,26.3364,0.0551,1.5194,0.1448,4,3,0.46,-0.00163860402773129,0.216288552060003,-0.0213783184635413,-1.436070502079,-0.0555061697497729,-0.0790356159757059,-0.0594950009707886,-0.284453118341353
0.0101,0.0071,0.4187,28.1868,-0.0811,0.6778,0.0006,3,2,0.46,-0.0748986797363127,-0.0945891985354031,-0.0058208356437223,-0.477554035521171,-0.0970800590710879,-0.447990331291443,-0.0895667706318416,-0.284453118341353
0.1537,0.1159,0.3257,28.1047,0.2634,5.2776,0.1905,3,2,0.42,0.0215254958181522,0.238677875772834,-0.0103228143052543,-0.520085587912477,0.00811586713286827,1.56857105787588,-0.0499573102258455,-0.459930008635255
0.0702,0.0639,0.0975,27.8309,0.0478,0.8898,0.0878,4,2,0.32,-0.0345680274966692,0.079410456748587,-0.0213700890401815,-0.661909227478176,-0.0577170920260056,-0.355040345263517,-0.0713690807386985,-0.986360833790769
0.0837,0.0488,0.7142,29.3640,0.1652,0.8604,0.1627,1,1,0.69,-0.0254541731937223,0.0331922768817429,0.00848771116031681,0.132178838262505,-0.0218781640786754,-0.367920595190413,-0.0557673852890349,0.910803872769642
0.0997,0.0524,0.9026,29.5487,0.2029,0.8026,0.1227,1,1,0.62,-0.0147485845725746,0.0440347127153167,0.0176059122429638,0.22785540679494,-0.0103654886900051,-0.393282149250009,-0.0640918914001707,0.566182106309397
0.0666,0.0329,1.0216,29.6543,0.1114,0.8451,0.0804,1,1,0.65,-0.0369724194203648,-0.0155067993199019,0.0233679608459978,0.282549190950316,-0.0383104469079685,-0.374667601534012,-0.0729292416269464,0.719221722685455
0.0288,0.0151,0.9149,29.6099,-0.0434,0.7562,0.0959,1,1,0.60,-0.0623394258332097,-0.0703009171342054,0.0182027874784121,0.259581841869442,-0.0855612761623175,-0.413610848675134,-0.0696876427480409,0.46213645695902
0.0918,0.0428,1.1461,29.8099,0.2213,0.7918,0.4021,3,1,0.36,-0.0200207847404547,0.014662125245268,0.0293948032477262,0.363147285604891,-0.00473130139767179,-0.398034426622628,-0.00584600050652092,-0.810883943496867
0.1385,0.0960,0.4424,30.5149,0.0196,5.1008,0.4131,1,1,0.80,0.0113370529459558,0.177727459646247,-0.00467258904316811,0.728361286878036,-0.0663378566472831,1.49106597330897,-0.00355258183449836,1.51037081870797
0.1788,0.1577,0.1336,31.2730,1.1342,3.7762,0.2361,3,1,0.71,0.0383965363553686,0.366673749638667,-0.0196181900320003,1.1210387263169,0.274043399810902,0.910341185590674,-0.0404508667311999,0.997938644510464
0.1369,0.1228,0.1146,31.4258,0.1651,1.5213,0.2250,1,1,0.61,0.0102624643767064,0.259811437143359,-0.0205394013645698,1.20017611000151,-0.0219087016791759,-0.0781895001704333,-0.0427631930081891,0.505193042255014
0.2318,0.0762,2.0421,27.4295,0.2181,5.5081,0.6967,3,2,0.39,0.0739721341760832,0.116960813618535,0.0727667688561803,-0.869822268695399,-0.00572377341393646,1.66961832832007,0.0555943622066929,-0.635407053202964
0.0885,0.0373,1.3689,30.3508,0.2739,0.7447,-1.1874,4,2,0.56,-0.0222774207358786,-0.0020303254024656,0.0401806727700482,0.643313721573829,0.0113192614253657,-0.418661239388471,-0.337291171649896,0.22248042883309
0.1296,0.0559,1.3194,30.5642,0.2380,0.9573,0.1728,4,2,0.61,0.00535293785094795,0.054754635149641,0.0377834901537142,0.753897829721678,0.000359316605753526,-0.32547013227614,-0.0536545136430041,0.505193042255014
0.0646,0.0346,0.8661,26.4083,0.0857,0.8314,0.1734,4,2,0.62,-0.038302222774811,-0.0103612365514262,0.0158380384717902,-1.39882755217114,-0.0461616639966347,-0.380660556486383,-0.0535172357236493,0.532189724259933
0.0059,0.0029,1.0536,26.6428,0.0131,0.9656,0.0692,4,2,0.65,-0.0777261909091503,-0.107606247205654,0.0249155765213653,-1.27733473018379,-0.0683319619599626,-0.321800707773481,-0.0752652157141023,0.734908283364001
-0.5749,-0.2231,1.5766,26.4146,-0.2041,1.1694,0.1286,3,1,0.35,-0.467815273903817,-0.799806952964883,0.050234123613349,-1.39556944153246,-0.134641307686644,-0.232476306051049,-0.0628638881335152,-0.854753243207246
0.1037,0.0738,0.4043,29.8515,0.0582,0.9084,0.1257,1,1,0.57,-0.0120755455065666,0.109640638013382,-0.00651404354085282,0.384710901803285,-0.0545381278139086,-0.346916756728957,-0.0634798835297636,0.321648248959094
0.1181,0.0810,0.4574,29.9731,0.0691,1.0299,0.1721,4,2,0.58,-0.00240424838332153,0.131693049878277,-0.00394549528514433,0.447671688469503,-0.0512125831194094,-0.293624613055932,-0.0538049392931174,0.329716151961112
0.1495,0.0631,1.3683,30.4677,0.5000,0.9443,0.0903,3,2,0.44,0.0186912684667568,0.0768989320639739,0.040147755076609,0.703865889087451,0.0803678299169371,-0.331164973887794,-0.0708626007276971,-0.372191563488304
0.0795,0.0218,2.6507,27.6677,0.0726,0.9915,0.0907,3,1,0.55,-0.0282749681880021,-0.0496880377104904,0.1022276204005,-0.746475068951863,-0.0501437671018936,-0.310468016806488,-0.0707716007183018,0.204074638035346
0.1666,0.0498,2.3484,27.8448,0.1937,1.1897,0.1689,4,2,0.41,0.0301893661577259,0.0359794567146673,0.0875932852481591,-0.65475070776014,-0.0131566253757464,-0.223589898085829,-0.0544586014113663,-0.547668608056013
0.0096,0.0093,0.0338,25.3133,0.1645,0.6862,0.0254,3,2,0.36,-0.0752277724856453,-0.0878815899264974,-0.0244532182977403,-1.9659977946067,-0.0220766584819284,-0.444290218650769,-0.0843995722199989,-0.810883943496867
0.4203,0.2656,0.5823,30.2019,0.1324,1.4638,0.0026,3,1,0.36,0.200565383812226,0.697092387414355,0.00210167863311998,0.566201649907847,-0.0318761744825233,-0.103406381579387,-0.0891362994196087,-0.767014643786488
0.0108,0.0078,0.3952,25.1390,0.1153,8.5813,0.0180,1,1,0.41,-0.0744083987015926,-0.0925983557976001,-0.00695891648600851,-2.056282164133,-0.0371164267284009,3.01693280365478,-0.0859300891571808,-0.505666021408286
0.0221,0.0129,0.7128,26.2260,1.9655,2.1605,0.0538,4,2,0.35,-0.066832549288384,-0.0768553839940495,0.00841751901989508,-1.49321952382218,0.527890257730957,0.202037040104308,-0.0784643135786434,-0.854753243207246
0.0046,0.0014,2.3211,27.3541,0.0375,0.8398,-0.1306,2,1,0.53,-0.0786194426573389,-0.112169871327695,0.0862717366733223,-0.908878157750379,-0.0608746799177523,-0.376982363944291,-0.116922271969864,0.110369961956831
1.0853,-0.1183,-10.1760,27.6832,-0.0020,1.3837,2.5150,1,1,0.27,0.647238271156434,-0.478668705182338,-0.518691085602722,-0.738435978790945,-0.0729278708352806,-0.138513611468625,0.434765170923987,-1.280016242605
-0.1797,-0.0572,2.1409,31.6848,0.0230,1.0489,0.1173,1,1,0.56,-0.20239861347776,-0.291652001228097,0.0775504842468534,1.33432324723571,-0.0653087395104179,-0.285286207555266,-0.0652348287321075,0.264311154460008
0.0373,0.0114,2.2803,31.7698,0.0887,1.3213,0.1767,1,1,0.74,-0.056664254951861,-0.0816027782149645,0.0842966750669728,1.37835176937992,-0.0452241596612708,-0.165878662538634,-0.0528417912542356,1.18336002439267
0.0194,0.0055,2.5399,31.8468,0.0800,1.2200,0.2356,1,1,0.68,-0.0686459174989924,-0.099581619554817,0.096865909039734,1.41822607096417,-0.0478809309048101,-0.210301934325304,-0.0405498413413446,0.857155464991878
0.0641,0.0177,2.6216,31.9181,0.0739,1.2672,0.2557,1,1,0.56,-0.0386313155241437,-0.0621844044339313,0.100819420838522,1.45517377078237,-0.0497406707752876,-0.189618129303148,-0.0363579449636365,0.268038718180651
0.0435,0.0129,2.3862,32.1001,0.1996,1.0104,0.1128,2,1,0.26,-0.0524733595317882,-0.0770391540929236,0.089426510322484,1.54945696608459,-0.0113518531861697,-0.302173451502987,-0.0661719515757385,-1.29344562321581
0.1279,0.0514,1.4905,29.7022,0.0172,2.0669,0.2682,1,1,0.57,0.00422461985323603,0.0409106210344565,0.0460627741373897,0.307376097613516,-0.0670768665793941,0.160976311440146,-0.0337502958776348,0.278470712998544
0.1922,0.0869,1.2118,29.7856,0.0870,2.3575,0.5979,4,2,0.89,0.0473827832657171,0.149733147917755,0.0325757174181484,0.350560308097782,-0.0457646751901288,0.288410996557577,0.0350025521267965,1.95287808141184
-0.0730,-0.0203,2.6026,28.9719,0.0746,1.5784,0.2964,3,2,0.38,-0.130710123551706,-0.178449620321632,0.09989869358968,-0.0709066049972574,-0.0495299613318345,-0.0531523635698537,-0.0278693840225463,-0.679276198639537
0.3277,0.1282,1.5570,30.0257,0.1703,2.3659,0.0835,1,1,0.46,0.138413867438261,0.276166975943157,0.0492824150059756,0.474964192372777,-0.0203268539732525,0.292076037040519,-0.0722776943077014,-0.264205761111471
0.0771,0.0307,1.5121,30.0745,0.0708,2.2107,0.1029,1,1,0.50,-0.0299137157561075,-0.0223981780276818,0.0471117835738993,0.50022102460515,-0.0507026051910518,0.224049203100545,-0.0682202046002055,-0.0651069283370716
0.0239,0.0093,1.5697,30.1865,-0.0319,1.7365,0.0713,3,1,0.43,-0.0656169209694205,-0.0878815899264974,0.0498981695067787,0.558250616791217,-0.0820586133849157,0.0161326840287384,-0.0748153288232258,-0.416060863198683
0.1015,0.0966,0.0498,28.1106,0.2334,11.2931,0.1778,3,2,0.42,-0.0135531047892846,0.179595788984801,-0.0236777161670119,-0.517039850145324,-0.00103930549716716,4.20578250231911,-0.0526056469359306,-0.503799308345634
0.0182,0.0154,0.1798,24.2908,0.0753,1.0105,-0.2142,3,1,0.30,-0.0694652912830451,-0.0691676681911483,-0.0173831754642269,-2.49564537652313,-0.0493314669285816,-0.302142763364971,-0.134351400672019,-1.1179685786481
-0.1493,-0.0929,0.6078,26.9263,-0.0219,1.7452,0.3041,1,1,0.53,-0.181954565947789,-0.400780811609519,0.00333609213708844,-1.13048665926752,-0.0789956920547204,0.0199555492214727,-0.0262726733843089,0.0966608829342408
-0.4424,-0.2599,0.7017,26.6213,-0.2629,1.0725,-0.0679,3,2,0.54,-0.378778894762942,-0.912549908624162,0.0078821224177817,-1.28847135637321,-0.152594363020859,-0.274974993182203,-0.103846902638201,0.15423926166721
0.1957,0.0710,1.7568,29.6133,-0.0041,1.0836,0.2763,4,2,0.66,0.0497401619395081,0.101003443366297,0.0589539237886368,0.261327443276806,-0.0735783217259402,-0.270095579237807,-0.0320783050204107,0.768408531969675
-0.5298,-0.2157,1.4558,25.3512,-0.0394,1.2981,-0.1383,2,2,0.34,-0.437505160072424,-0.77714197410374,0.0443849399394467,-1.94639215268719,-0.0843550409425496,-0.176049588280771,-0.118517104489844,-0.898622388643818
-0.1223,-0.0624,0.9608,25.5352,-0.3150,0.9062,-0.6719,1,1,0.48,-0.163827600020263,-0.30742560138146,0.0204247317855553,-1.85105745267964,-0.168519721681845,-0.34787247302714,-0.229796137702507,-0.158659336168245
-0.6271,-0.5032,0.2462,24.6067,-0.4607,1.5093,-0.4499,1,1,0.61,-0.502853577439907,-1.65761514615952,-0.0141688595166384,-2.33201466893071,-0.213016059371053,-0.0834722439287416,-0.183494621392136,0.510067477455637
-0.1053,-0.0754,0.3965,24.6584,0.0974,2.2659,-0.1256,1,1,0.32,-0.152436961186218,-0.347426226236396,-0.00689453335031133,-2.30520388885795,-0.0425612808976314,0.248227071836703,-0.115885355473856,-0.986360833790769
0.0269,0.0151,0.7883,28.7376,0.1579,0.8421,0.0534,2,1,0.36,-0.06359535122352,-0.0702396604345807,0.0120733193265499,-0.192290650635775,-0.0241013013951083,-0.375956503330644,-0.0785590810866012,-0.810883943496867
0.0675,0.0229,1.9501,31.4703,0.0723,4.7612,0.0243,1,1,0.31,-0.036334382457373,-0.0462882908813189,0.068314166734807,1.22322633630054,-0.050241487423495,1.3421774559719,-0.084619636098564,-1.07409943321153
0.2582,0.1299,0.9875,28.3760,0.3299,1.1594,0.3508,4,2,0.58,0.0917364264614883,0.281526937160319,0.0217162671693153,-0.379562084706566,0.0284111564254685,-0.236855941747771,-0.0165372420888887,0.372349718478777
-0.0687,-0.0250,1.7423,28.3023,0.1434,0.9276,0.2700,4,2,0.30,-0.127808734414733,-0.193089971531938,0.0582549068867817,-0.417732223492527,-0.0285170384274736,-0.338464366715663,-0.0333845613489122,-1.1179685786481
0.0018,0.0006,1.7950,27.7215,0.0261,1.0807,1.5528,3,1,0.34,-0.0804932564749676,-0.114436369213809,0.0608060281283165,-0.718612784173781,-0.0643437513346036,-0.271353792896425,0.234113813026009,-0.898622388643818
1.1192,0.4270,1.6208,30.1016,0.0307,4.5717,5.4911,3,1,0.64,0.669972535574618,1.19155646678502,0.0523737736868943,0.514263533256085,-0.0629542905118331,1.2591031060925,1.05536261585261,0.63442944442755
1.2466,0.6164,1.0226,30.5081,0.5015,2.8404,0.1212,4,3,0.92,0.755550082758221,1.77138175708272,0.0234134647163402,0.724797566497422,0.0808258939244439,0.500106540624953,-0.0644054176593512,2.12835497170574
0.0945,0.0623,0.5174,32.1304,0.1506,0.9954,0.1209,1,1,0.31,-0.0181939841727307,0.0744486640789854,-0.00104050883913855,1.5651570190986,-0.0263366537517414,-0.308740713038211,-0.0644809585146246,-1.02818970813201
0.0481,0.0314,0.5307,32.1147,-0.0156,0.7378,-0.0170,4,2,0.39,-0.049417498287985,-0.020254193540817,-0.000395225230985632,1.55702469206726,-0.077074876983242,-0.42169059701253,-0.0932234928204508,-0.635407053202964
-0.0300,-0.0194,0.5456,30.3298,-0.8322,0.6708,0.0051,1,1,0.84,-0.101857420467358,-0.175907467287206,0.000322670936224261,0.632477525300219,-0.326447976429981,-0.451054761073234,-0.0886249732698479,1.71116712617892
-0.0130,-0.0087,0.4962,30.3097,-0.0200,0.6958,0.1129,3,1,0.80,-0.090399619847736,-0.142951362889112,-0.00206773450793113,0.622034995812839,-0.0784124238851617,-0.440081559722989,-0.0661499878249453,1.48786412157705
0.0822,0.0579,0.4187,30.3552,0.0466,0.9148,0.1046,3,1,0.47,-0.0264884646916249,0.0610640752109862,-0.00582131972744934,0.645623924029865,-0.0580896507521111,-0.344084679992137,-0.0678771050891122,-0.220404033328484
0.0724,0.0492,0.4715,30.5575,0.2242,0.6514,0.1552,3,1,0.38,-0.0330367387854887,0.0343867825244248,-0.00326487356491702,0.750411806733083,-0.00384571098315868,-0.459568527362557,-0.0573287959952106,-0.679276198639537
0.1250,0.0880,0.4207,27.6523,0.2342,1.5830,0.1562,4,2,0.81,0.00224334717868235,0.153041009697489,-0.00572450298204005,-0.754452001199167,-0.000791950933113504,-0.0511664026383072,-0.057116540281026,1.52927676518746
0.1162,0.0784,0.4813,27.7765,0.1323,1.2379,0.1480,1,1,0.12,-0.00364674141651621,0.123852192326314,-0.00278805109377626,-0.690087481650468,-0.0319158733631739,-0.202428234914581,-0.0588206747562039,-2.03922259980715
-0.2455,-0.0430,4.7080,31.7494,0.2054,0.9524,-0.0858,3,1,0.62,-0.246557487495355,-0.24812911614474,0.201816713314586,1.36777456441304,-0.0095928873973437,-0.327591997818896,-0.107580176818747,0.575557634098112
0.0090,0.0015,5.1831,31.7572,0.0078,1.5738,-2.4296,1,1,0.75,-0.0756710402704607,-0.111955472879009,0.224817467521472,1.37180964897191,-0.0699260247060862,-0.0551821646985647,-0.596329247871156,1.209719864123
1.2746,-0.2295,-6.5532,32.6562,1.4572,1.4217,-0.3383,3,1,0.62,0.77437553125576,-0.81940909684479,-0.343316748884605,1.83748119829973,0.372664580627111,-0.121858720565876,-0.160232190588423,0.575557634098112
-2.4342,0.5993,-5.0616,25.3091,-0.9990,1.9151,0.0688,4,2,0.36,-1.71651405608591,1.71916042065265,-0.271112756493264,-1.9681836812355,-0.377399962864985,0.0944642878327927,-0.0753362177007684,-0.767014643786488
0.0115,0.0043,1.6477,30.5460,0.0375,0.7479,0.0766,4,2,0.66,-0.0739852794524506,-0.10313450813305,0.0536764429963763,0.744470546156682,-0.060856357357452,-0.417245201020061,-0.0737067233872237,0.781968273947253
-0.0264,-0.0100,1.6317,30.5763,0.0307,0.7226,0.0616,4,2,0.65,-0.0993992991152002,-0.14708619011378,0.052901909033102,0.76014470004002,-0.0629329141914828,-0.428332386882934,-0.0768473277591052,0.722632099459255
0.0753,-7.5921,-1.0099,22.9374,-0.3181,1.1546,-0.0005,4,2,0.32,-0.0311360602536287,-23.3698685580393,-0.0749755846383977,-3.19668304558162,-0.169466387297359,-0.238953563661495,-0.089790902165746,-0.986360833790769
0.2673,0.0982,1.7221,27.5480,0.4859,1.6839,0.1055,1,1,0.36,0.0978548651276523,0.184404439905341,0.057278510009329,-0.80845686847864,0.0760620282463734,-0.00692287566001101,-0.0676893716696705,-0.810883943496867
0.0408,0.0157,1.5984,29.9787,0.4322,1.2089,-0.2292,4,2,0.69,-0.0543203086351857,-0.0683713310960271,0.0512860375522209,0.450608649887828,0.0596694442977309,-0.215163812190834,-0.137472699892863,0.926665688492748
-0.0113,-0.0040,1.8513,29.9838,0.0051,1.1111,80.0374,3,1,0.67,-0.0892578694929085,-0.12849478177768,0.0635328717627692,0.453229641911942,-0.0707658087198486,-0.258013220899303,16.600501417279,0.830837896284628
1.5361,-0.6312,-3.4336,29.6253,-0.3013,1.9989,80.0425,4,2,0.70,0.949949871114005,-2.04962739540785,-0.192300537144012,0.267527695159939,-0.164323855373083,0.131186897466947,16.6015498200789,0.945556824686781
-0.0110,0.0093,-2.1802,29.4467,0.0837,2.1506,-0.0115,4,3,0.34,-0.0890496679576164,-0.0879428466261221,-0.131625482796009,0.175047079352561,-0.0467540934463434,0.197670556466735,-0.092083157791336,-0.898622388643818
0.0434,0.0399,0.0883,26.7172,0.1111,1.1005,0.0508,4,2,0.37,-0.0525270889602506,0.00581053214949734,-0.0218110893155208,-1.23882272287295,-0.0383837371491696,-0.262673433857877,-0.0790877617130124,-0.723145498349916
0.1557,0.0712,1.1863,29.6226,0.0829,3.1863,0.2004,4,3,0.65,0.0228620153511562,0.101677267062169,0.0313408198304529,0.266165400886536,-0.0470106092905472,0.651749782616557,-0.0478894512410639,0.724539232259296
-0.3293,-0.2903,0.1344,32.5671,-0.1026,0.7742,-1.2914,3,1,0.31,-0.302825631452679,-1.00541506525522,-0.0195818837524719,1.79131858778806,-0.103654804458835,-0.40574269680296,-0.358975882578898,-1.03023013350115
0.0018,0.0015,0.2176,24.8361,-0.0335,1.9569,-0.2534,3,2,0.31,-0.080479824117852,-0.111863587829572,-0.0155528548922642,-2.21319981705496,-0.0825380537127728,0.112782782697339,-0.142537774048389,-1.07409943321153
-0.3375,-0.1260,1.6781,28.2387,1.2543,1.2038,-0.2411,3,1,0.54,-0.308346330227198,-0.502344419587289,0.0551475734428705,-0.450686277360934,0.310703789211694,-0.217382126167352,-0.139963126192098,0.158021129767858
0.0900,0.0414,1.1734,28.2976,0.0606,0.9704,0.1649,4,2,0.42,-0.0212498454165338,0.010435412971163,0.0307153836551089,-0.420192640906469,-0.0537991178817976,-0.319718298408173,-0.0552953939506093,-0.459930008635255
0.0044,0.0039,0.1084,29.6837,0.0304,0.2491,-0.0342,3,1,0.36,-0.0787537662284951,-0.104329013775732,-0.0208390491916115,0.297772699959943,-0.0630245269929841,-0.635955176633739,-0.0968077799623773,-0.810883943496867
0.0658,0.0371,0.7747,28.3466,0.0054,0.6741,0.2763,3,1,0.22,-0.0375097137049895,-0.00285729084739919,0.0114139972903126,-0.394790773542327,-0.0706741959183473,-0.449599266527376,-0.0320783960384144,-1.51279173608319
0.2155,0.1777,0.2123,27.2055,0.2157,1.0513,0.3569,4,2,0.41,0.0630113307697388,0.427930449263377,-0.0158123237699611,-0.985860733762995,-0.00645972958599735,-0.284269114981052,-0.0152613809420007,-0.547668608056013
-0.0692,-0.0645,0.0720,26.5940,-0.2370,0.2994,0.3306,1,1,0.60,-0.128131110985507,-0.313980068241304,-0.0226020821255147,-1.30260710189457,-0.144679016971142,-0.613881637361472,-0.0207482370790228,0.429284466889648
0.2963,0.1713,0.7295,29.6574,0.1937,2.5313,0.3269,2,1,0.41,0.117331782945299,0.408358933733282,0.00922787517897084,0.284144577399777,-0.0131718941759966,0.364592107170126,-0.0215256982771344,-0.518723910692243
0.0808,0.0499,0.6202,29.6581,0.0007,3.4365,0.1196,4,2,0.78,-0.0273951487969291,0.0364082536120402,0.00393635595862605,0.284507165229199,-0.0721033556217684,0.761416035823263,-0.0647508453157198,1.38257780227214
0.0630,0.0086,6.3663,29.5641,0.1016,1.7723,0.1583,4,2,0.75,-0.0393700951655027,-0.0902093445122363,0.282092801854427,0.235827159216109,-0.0413061855170628,0.0318581627516029,-0.0566863747065218,1.25097021168862
-0.2032,-0.0577,2.5193,28.7911,0.0144,1.5706,-0.0223,4,2,0.52,-0.218168200731496,-0.293244675418339,0.0958686965620183,-0.16453714220652,-0.0679258118733066,-0.0565982030669743,-0.0943300138400125,0.060132548048094
0.1414,0.0491,1.8818,28.9166,0.1337,1.3716,0.3503,3,1,0.43,0.0132914609062783,0.0338967289274271,0.0650069067116256,-0.0995355040432625,-0.0314852931961176,-0.143840195424098,-0.0166396359417015,-0.416060863198683
0.2445,0.1344,0.8187,31.6030,0.0688,2.1143,0.3432,2,1,0.56,0.0825151133016164,0.295340322925691,0.0135444497730441,1.29196780893299,-0.0513133572010609,0.181757694351063,-0.0181129335402098,0.269847732839548
0.2245,0.1154,0.9449,31.6345,0.0320,1.7834,0.3488,1,1,0.58,0.0690760400074404,0.237115829932404,0.0196516500734622,1.30825836212634,-0.0625573017053272,0.0367090240578277,-0.0169484482467027,0.329716151961112
0.0001,0.0001,0.2134,27.4223,-0.1795,1.4041,0.0463,1,1,0.19,-0.0815947097584483,-0.116059671753864,-0.0157566541413508,-0.873582822469127,-0.127122950443432,-0.129587747325957,-0.0800256562775722,-1.68826870351399
0.0009,0.0006,0.5066,25.9349,0.0096,0.9171,0.0431,1,1,0.29,-0.0811178610808438,-0.114650767662496,-0.00156235109689463,-1.64403016173144,-0.0693855091772282,-0.343080739477073,-0.0807040952038758,-1.16183787835848
-0.0342,-0.0239,0.4347,27.5830,0.0297,0.6281,-0.0060,3,1,0.10,-0.104684931640196,-0.18947582625408,-0.0050424290106316,-0.790327477007495,-0.0632382901964873,-0.469774525262426,-0.0909392918776229,-2.12696108352255
0.1475,0.0660,1.2345,28.9789,0.1067,0.7942,0.2629,3,2,0.37,0.0173950460050996,0.0858117818593692,0.0336726511436357,-0.0673014460075672,-0.0397426603714397,-0.396977877870966,-0.0348575924644253,-0.723145498349916
0.1511,0.1124,0.3442,30.1552,0.7742,2.4928,0.6175,1,1,0.42,0.0197591408574484,0.227804811589448,-0.00942629124276429,0.541996322380801,0.164101930489176,0.347722399301272,0.039083654701874,-0.470501004153102
0.3827,0.2970,0.2888,30.6326,0.6119,1.3127,1.3446,4,2,0.58,0.175359565684769,0.793173520775714,-0.0121090832580557,0.789296761525621,0.114551619917143,-0.16966207155392,0.190692705895497,0.329716151961112
0.5170,0.2161,1.3925,28.6735,3.0254,1.6499,-15.5588,3,1,0.23,0.265551127537587,0.545482055843197,0.0413197217797885,-0.225488156332509,0.851567446715395,-0.0218285426959015,-3.33416095869159,-1.46892251350971
0.0071,0.0044,0.6010,29.8751,-0.0121,1.2025,0.3959,3,1,0.43,-0.0769538303750022,-0.102920109684364,0.00300594703524276,0.396945651133239,-0.0760030072056761,-0.217947664710772,-0.00711949667642347,-0.416060863198683
0.1444,0.0669,1.1575,32.4023,0.1398,1.3958,0.3997,4,2,0.68,0.015272733580832,0.0885377049926688,0.029945206445378,1.70596541274191,-0.0296347146057902,-0.133204563592019,-0.00633198983949971,0.870155810145888
0.0996,0.0496,1.0063,32.3786,-0.0234,1.5130,0.3784,4,2,0.67,-0.0148224625367105,0.035611916516919,0.0226239241575274,1.69370994410742,-0.0794598635823272,-0.0818589246730922,-0.010781539495942,0.812277831680054
0.0098,0.0075,0.3061,25.1199,-0.0391,1.3992,0.0393,3,1,0.17,-0.0751135974501626,-0.0934253212425336,-0.0112682298241761,-2.06616009257171,-0.084242051820698,-0.131740301006728,-0.0814993773220769,-1.77600714866094
-0.0021,-0.0008,1.4455,28.0644,0.0299,0.8222,0.0616,3,1,0.37,-0.0830655528626085,-0.118969364986038,0.0438853655331347,-0.540965467061102,-0.0631863762756365,-0.38467631854664,-0.0768383364885531,-0.723145498349916
0.0850,0.0556,0.5290,28.1888,0.5075,1.1973,0.0993,4,2,0.41,-0.0245945023383227,0.0538970413548951,-0.000481392134399901,-0.476533609772652,0.0826673112346211,-0.220249275061903,-0.0689825203395249,-0.547668608056013
0.2541,0.1812,0.4026,27.7183,0.0807,2.1565,0.8049,3,1,0.44,0.0889760770742287,0.43849722994864,-0.006599242276813,-0.72024960923232,-0.0476854902616072,0.200283432217732,0.078165625150126,-0.372191563488304
0.1300,0.1185,0.0975,27.4844,0.0671,0.6134,0.1646,3,1,0.36,0.00563501735037593,0.246457476625173,-0.0213686367890003,-0.841395382868644,-0.0518416576897187,-0.476223418265307,-0.0553650593953242,-0.810883943496867
-0.2125,-0.1911,0.1118,26.2514,-0.1591,0.6776,-0.1878,1,1,0.04,-0.224420962968816,-0.701826861915158,-0.0206744607244157,-1.48008866457094,-0.12091160250164,-0.448078011685772,-0.128853730445571,-2.43404571867379
-0.0472,-0.0290,0.6272,27.8264,-0.0220,0.9326,0.0822,3,2,0.50,-0.11340924758679,-0.205310683107067,0.00427473048383152,-0.664234969412616,-0.0790231758951708,-0.336267972837728,-0.072549980231959,-0.0651069283370716
0.0280,0.0162,0.7268,25.5567,-0.0267,0.8122,0.1467,3,2,0.40,-0.0628968686535078,-0.0667480285559722,0.00909523623776012,-1.8399467256209,-0.0804706581588922,-0.389051570223646,-0.0590878723280067,-0.591537753492585
-0.0199,-0.0050,2.9719,31.5633,0.0540,0.8167,0.1959,1,1,0.44,-0.0950404992311821,-0.131710758507978,0.117776389713233,1.27139871935244,-0.0558207070349276,-0.387083145370965,-0.0488340630080986,-0.352694131233426
0.0397,0.0098,3.0548,31.6819,0.1259,0.8139,0.2667,1,1,0.22,-0.0550187912051978,-0.0864114291355043,0.121788475642994,1.33280037835214,-0.0338855485954531,-0.388336975009866,-0.0340785002874159,-1.51279173608319
0.0207,0.0034,5.0885,30.9242,0.0896,0.9373,0.1509,3,2,0.42,-0.0678131113578241,-0.106013573015412,0.220236583212431,0.940371570567739,-0.0449615362969669,-0.334220635630151,-0.0582251306517501,-0.459930008635255
0.0790,0.0429,0.8399,28.6232,0.0784,2.8802,0.1937,4,2,0.75,-0.028630925651566,0.0151215504924533,0.0145697391069285,-0.251527142311206,-0.0483909088331676,0.517528634978079,-0.0492976165015793,1.24295105920956
0.1232,0.0722,0.7068,28.6824,0.0610,4.8106,0.1958,4,2,0.60,0.00106801593106576,0.104740102043405,0.00812658469994016,-0.220878111072703,-0.0537044513202462,1.36381541701963,-0.0488545866776264,0.463682589051077
0.1405,0.0910,0.5442,28.8652,0.2006,5.4073,0.0587,4,2,0.69,0.0126534239432864,0.162198886291383,0.000257319633072991,-0.126185709505847,-0.0110617459814154,1.6254361776178,-0.077444062225353,0.900016431100812
0.0158,0.0058,1.7408,27.9560,-0.0405,2.5835,0.0760,3,1,0.70,-0.0710973226725927,-0.0987852824596958,0.0581827784114518,-0.597151041143245,-0.0846848470279545,0.387463538030786,-0.0738342316903567,0.981220917707062
0.0001,0.0000,2.9815,28.1695,0.2380,0.8039,0.0610,4,2,0.60,-0.081641723008353,-0.116335326902175,0.118241110091197,-0.486556573343128,0.000368477885903662,-0.392719241118418,-0.076959503205244,0.439924422799148
-0.0739,-0.0187,2.9580,28.3301,0.1743,4.1826,0.1294,4,2,0.47,-0.131328011979024,-0.173579712701467,0.117103513332638,-0.403353026142843,-0.0191053499532344,1.08852966696531,-0.062706355093434,-0.208900606922152
-4.9623,-0.2793,16.7652,28.0589,-0.2375,3.2672,-1.1024,4,2,0.50,-3.41446473817841,-0.971938278910319,0.785489533275127,-0.543824731087407,-0.144853081293995,0.687185813984528,-0.319562100321746,-0.0651069283370716
-0.3831,-0.0733,4.2265,28.0724,0.0073,0.9163,-0.0722,3,1,0.33,-0.338958672093692,-0.340871759376552,0.178510986359662,-0.536847505284084,-0.0700787127085885,-0.34345338115297,-0.104745664128899,-0.942491688354197
0.0588,0.0494,0.1896,26.9299,-0.0288,0.4282,0.0449,4,2,0.49,-0.0422244710525715,0.0349074644712348,-0.0169111938303566,-1.12864782098973,-0.0810997327292015,-0.557406695374312,-0.0803250038002185,-0.108976228047451
0.0321,0.0275,0.1692,31.1116,0.0974,1.1604,0.0516,3,1,0.85,-0.0601163707305749,-0.0322605066672602,-0.0178967882986232,1.03741561319971,-0.0425826572179817,-0.236404387716978,-0.0789355108261544,1.7496676974116
0.0410,0.0358,0.1457,31.1125,0.0524,1.6860,0.1022,3,1,0.87,-0.0541591203497982,-0.00680834797319302,-0.0190368054758176,1.03787661772569,-0.0563184699230849,-0.00597592740126035,-0.0683761776014496,1.83296876505267
0.0770,0.0671,0.1478,31.1946,0.0856,1.4465,0.1023,4,2,0.88,-0.030001026077359,0.0889665018900418,-0.0189341797256837,1.08041852976926,-0.0461769327968849,-0.111003887747975,-0.0683493087366381,1.89743886328438
0.0851,0.0754,0.1288,31.3542,0.1730,1.8184,0.2014,4,3,0.97,-0.0245340567313024,0.114510545633546,-0.0198515183884367,1.16307301539928,-0.0194870699594901,0.0520465735458016,-0.0476973078752601,2.3915704614204
0.0835,0.0432,0.9340,32.2010,0.0921,1.1605,0.1937,4,2,0.53,-0.0256355100147831,0.0157953741883251,0.0191244828947086,1.60169033282602,-0.0442072575646058,-0.236360547519814,-0.0492839720705979,0.110796066211297
0.1089,0.0614,0.7748,32.1974,-0.0035,1.1599,0.2244,3,1,0.61,-0.00854955176371683,0.0715389708468117,0.0114193222113101,1.59986703402664,-0.0733889886028374,-0.236636740761949,-0.0428903054009304,0.493150737441423
0.1106,0.0537,1.0614,32.7256,0.6958,0.8836,0.2811,4,2,0.55,-0.0074145175874471,0.0479245131414858,0.0252941299959156,1.87344991097849,0.140172666737022,-0.357775973566575,-0.0310660640031388,0.211311930861388
0.1293,0.0625,1.0703,32.8204,0.0994,0.8266,0.2892,4,2,0.55,0.00516488485132929,0.0749387176759831,0.025724964512987,1.92254430308235,-0.0419566364077225,-0.382747349871407,-0.0293697975083459,0.211311930861388
0.0982,0.0510,0.9272,32.8264,0.0060,0.8084,0.2660,4,2,0.69,-0.0157425789991303,0.0396548586921499,0.0187982104626793,1.92564701893698,-0.0704818090351944,-0.390743801834191,-0.0342073255832487,0.943885422263577
0.0914,0.0489,0.8699,30.2472,0.0590,0.7354,0.1090,3,2,0.41,-0.0202759995256515,0.0333760469806171,0.016023442539249,0.589655902645375,-0.0542999345300051,-0.422733993705042,-0.0669661496804794,-0.547668608056013
0.0754,0.0579,0.3018,28.9875,0.2267,0.5606,0.1220,3,1,0.16,-0.0310756146466085,0.0608803051121121,-0.0114773539942601,-0.0628312560533963,-0.00309448601084757,-0.499371042368101,-0.0642428878165225,-1.81987637123442
-0.2184,-0.1646,0.3270,24.7922,-0.1024,2.2379,0.2446,1,1,0.10,-0.228343211246577,-0.620416708113918,-0.0102593993370112,-2.23593925378591,-0.103587621737734,0.235947432610959,-0.0386841332222895,-2.12696108352255
0.0710,0.0218,2.2559,31.6222,0.0987,0.8483,0.0066,1,1,0.50,-0.0339837199621398,-0.0495655243112409,0.0831150266892524,1.30190271545917,-0.0421734533712757,-0.373264715224751,-0.0883009990008454,-0.0651069283370716
-0.1193,-0.0296,3.0283,31.5285,-0.0197,0.9347,0.4990,1,1,0.65,-0.161799314095804,-0.207087127396184,0.120505653766321,1.25337292440399,-0.0783299723638105,-0.335378016835291,0.0143656069146653,0.696153468897674
0.0717,0.0172,3.1772,31.5951,0.0689,0.9134,0.4825,4,3,0.90,-0.0335673168915556,-0.0638689636736108,0.127717049048132,1.28788610593891,-0.0512797658405104,-0.344689674713006,0.010936361687827,2.0007717676472
0.3811,0.1421,1.6817,31.6659,0.0733,0.8787,0.1520,4,2,0.87,0.17428497711552,0.318893523931393,0.0553184549985179,1.32452819601516,-0.0499300038983904,-0.359919759207913,-0.0579832267890854,1.86513948199108
0.1108,0.0587,0.8867,32.4839,0.0690,0.8042,0.1559,2,1,0.48,-0.00730705873052215,0.0633918297967252,0.0168381554518682,1.7482690527833,-0.0512339594397597,-0.392598242174245,-0.0571862378014163,-0.180141809495613
0.1530,0.0889,0.7200,32.6527,0.1838,0.7333,0.1927,4,2,0.47,0.0210553633191056,0.156011959629287,0.00876460705218739,1.83565789950035,-0.0161951166255414,-0.423641485786345,-0.0495130853629862,-0.240583818630974
-0.1241,-0.0364,2.4097,27.6306,0.1222,0.9347,0.1137,4,3,0.46,-0.165063376874899,-0.227914405268586,0.0905602344112268,-0.765681864259007,-0.0350032247737696,-0.335386784874724,-0.0659710286921502,-0.284453118341353
0.0121,0.0076,0.5965,29.8463,0.0478,0.9179,0.0646,4,2,0.60,-0.0735554440247508,-0.0931802944440348,0.00278907752552595,0.382007032561016,-0.0577170920260056,-0.342747553978624,-0.0762069439343037,0.461324051092249
-0.1511,-0.0438,2.4491,29.6269,0.0865,0.8346,-0.1141,3,1,0.62,-0.183143329552521,-0.250548755779916,0.092468492463244,0.268392726124419,-0.0459082019124809,-0.37923575007854,-0.113488077346999,0.549062341965393
-1.6212,-0.0704,22.0246,29.2404,-0.0394,1.2821,0.6103,1,1,0.40,-1.17052232022882,-0.332050794630593,1.04008562417558,0.068156187238691,-0.0843397721422994,-0.183077171886222,0.0375707112826769,-0.570138125199485
0.8188,-0.3538,-3.3147,28.6917,-0.2877,1.6520,0.1612,1,1,0.40,0.468252112590823,-1.19987445821387,-0.18654623388061,-0.216024613984571,-0.160173795465071,-0.0209078985554495,-0.0560647507446944,-0.570138125199485
0.0530,-0.0452,-2.1714,28.4134,-0.1049,1.9669,0.0350,3,1,0.18,-0.0460997060804273,-0.254959238152895,-0.131199973199935,-0.360199894615384,-0.104363276790446,0.117140498295479,-0.0823830493453565,-1.73213792608747
0.0249,0.0227,0.0952,24.5096,-0.0021,2.2748,0.0436,1,1,0.31,-0.0649721678278708,-0.0467783444783166,-0.0214785237950399,-2.38231596052393,-0.072955354675731,0.252115697325183,-0.0805959605187054,-1.07409943321153
0.0494,0.0412,0.1967,30.9557,-0.0373,2.6085,0.0796,3,1,0.65,-0.0485443950754699,0.00991473102435294,-0.0165670103004265,0.956641404456556,-0.0836923750116898,0.398419203302165,-0.0730938425239442,0.728633659092583
0.0795,0.0662,0.2005,30.9527,-0.0029,2.6947,0.0823,3,1,0.67,-0.0282816843665599,0.086485605555241,-0.0163816062329678,0.955128895225249,-0.0732057629998347,0.436205069238147,-0.0725252074390614,0.797654834625799
0.0815,0.0661,0.2331,30.9395,-0.0131,2.1377,0.1023,4,2,0.80,-0.0269854619049027,0.0859342952586186,-0.0148054296177045,0.948296704553696,-0.0763175444908308,0.192023939071963,-0.0683561613033862,1.48786412157705
0.0867,0.0684,0.2675,30.8943,-0.0442,1.9153,0.1033,4,2,0.84,-0.0234393196263795,0.0931932141641469,-0.0131406656803917,0.924883890425245,-0.0858147382464713,0.0945233405783731,-0.0681509783144095,1.71793388389413
0.0942,0.0717,0.3138,30.8778,-0.0165,1.6566,-0.0217,4,2,0.67,-0.0184491989579274,0.10311679950335,-0.0108988739404396,0.916290558867922,-0.0773405541075959,-0.0189044015450371,-0.094205519512244,0.812277831680054
-0.0237,-0.0130,0.8161,28.2326,0.4429,0.9774,0.1105,4,2,0.69,-0.0975792147260339,-0.156305323407299,0.013418103920285,-0.453835611650779,0.0629278062711291,-0.3166319485278,-0.0666462603453978,0.91268971578434
0.0564,0.0306,0.8431,28.3054,0.0755,0.9345,0.1084,3,1,0.54,-0.0438162053707723,-0.022673833175993,0.0147251299833104,-0.416126477390797,-0.0492551229273304,-0.335443777131037,-0.0670750575406167,0.144753890928031
0.1392,0.0738,0.8863,28.4158,0.1166,0.9428,0.1035,1,1,0.45,0.011787036909329,0.109610009663569,0.0168168557678781,-0.358977455647615,-0.0366980616015447,-0.331835728904409,-0.0680995157822857,-0.328322418051732
0.0834,0.0704,0.1852,27.8773,0.1036,0.8792,0.0856,2,1,0.68,-0.0256623747290143,0.0991963707273685,-0.0171227384190759,-0.637869654387437,-0.0406740571867035,-0.359704942241807,-0.0718334370766249,0.876087638018529
0.0735,0.0570,0.2901,27.9734,0.1008,1.5608,0.0853,1,1,0.84,-0.032324823858361,0.0580931252791877,-0.0120461523735397,-0.588112244538346,-0.0415291100007161,-0.0608901583693674,-0.0718942735365899,1.71116712617892
0.1259,0.1012,0.2438,28.0286,0.0423,1.1690,0.1484,1,1,0.47,0.0028746679631164,0.193654201548672,-0.0142864918623107,-0.559524784101418,-0.0594149826138307,-0.232642898800274,-0.0587476021338798,-0.196714673194402
0.0211,0.0134,0.5768,29.1156,0.0340,0.6169,0.0565,3,2,0.53,-0.0675511803940695,-0.0755077366023058,0.00183252808088216,0.00352749655712808,-0.0619496034553682,-0.47468024332512,-0.0778990491412351,0.0665006622464518
0.0126,0.0123,0.0288,26.3952,0.0221,2.0067,0.0158,1,1,0.25,-0.0732129189183026,-0.0788155983820402,-0.0246942919938095,-1.40561312440748,-0.0655683091146717,0.134619584904919,-0.0863970530743419,-1.33731476865238
-0.0180,-0.0126,0.4280,30.0431,-0.0941,0.5456,0.0240,1,1,0.33,-0.0937509929480827,-0.154927047665743,-0.00536773327520681,0.483961550368599,-0.101043839616047,-0.505960224001908,-0.0846789257054621,-0.942491688354197
0.0992,0.0654,0.5162,27.3217,-0.0615,2.6949,0.2787,3,1,0.44,-0.0150843935004651,0.0839434525208156,-0.00109714663520299,-0.925697053209466,-0.0911069044131995,0.436327821790208,-0.0315630738340148,-0.372191563488304
0.1699,0.0472,2.6021,32.3662,0.7963,1.1596,0.1139,1,1,0.31,0.0323922727246873,0.0280467141132673,0.0998759416545088,1.68726624039596,0.170853793959826,-0.236781413412592,-0.0659339264252396,-1.07409943321153
0.0527,0.0289,0.8219,29.4355,-0.0542,0.6403,0.2124,3,1,0.48,-0.0462810429014882,-0.027758139244844,0.0136983883982449,0.169214595124987,-0.0888532294962662,-0.464417253168938,-0.0453993701422884,-0.160969277877921
0.1284,0.0685,0.8741,29.5907,0.1680,0.8694,0.1187,3,1,0.45,0.00451341553122181,0.093376984263021,0.0162248213697003,0.249641755517121,-0.0210200575046127,-0.364005665583633,-0.0649402035163058,-0.317622603905182
0.0566,0.0349,0.6222,26.9899,0.0428,0.8729,0.1247,1,1,0.54,-0.0436953141567317,-0.00959552780611735,0.00403365678776238,-1.09754814487752,-0.0592409182909781,-0.362440570544865,-0.06368238752508,0.119770482102253
0.0658,0.0433,0.5185,27.0390,0.0503,0.7870,-20.3538,3,2,0.45,-0.037529862240663,0.0162241710856981,-0.000989680047798676,-1.07211519855657,-0.0569505982534443,-0.400134372066802,-4.33406357426576,-0.328322418051732
0.0712,0.0669,0.0636,28.5919,0.1567,0.3464,-0.1453,4,2,0.37,-0.0339031258194461,0.0885070766428565,-0.0230111328748689,-0.267739998112545,-0.0244616450810137,-0.593276744694211,-0.119981074769622,-0.740311699109775
0.1458,0.1394,0.0461,28.8688,0.3190,0.2802,0.5875,3,1,0.14,0.0162398632931565,0.310501356082807,-0.0238568271460191,-0.124315792271251,0.0251039342912696,-0.622298955217033,0.0328286199115948,-1.95148411609175
0.2701,0.1816,0.4877,30.6886,0.1558,1.4230,0.3931,3,1,0.51,0.0997219627667232,0.439722363941134,-0.00247968975964767,0.818293428227183,-0.0247395372455678,-0.121293182022455,-0.00770479008259258,-0.036664083666922
0.1430,0.1046,0.3670,30.4528,-0.2100,1.0399,0.1772,3,1,0.59,0.0143727656540855,0.204067840484873,-0.00832306442882542,0.696179027103686,-0.13645218739632,-0.289236209319777,-0.0527436149611025,0.418418962674562
0.0447,0.0327,0.3691,30.4233,-0.0291,1.2286,0.7740,4,2,0.83,-0.0516674181048511,-0.0163950214644602,-0.00822140684614566,0.680893360180445,-0.081197453050803,-0.206518525310018,0.0717147446006555,1.66041628904106
0.3956,0.2853,0.3867,30.8075,0.4684,1.2408,1.1465,4,2,0.87,0.184030152202901,0.757460864894507,-0.00736651498418162,0.879902280272269,0.0707332169590446,-0.201156869196813,0.149395360101775,1.83296876505267
0.6150,0.4543,0.3537,31.3575,0.7333,1.3230,1.5326,4,2,0.84,0.331329380332769,1.27495746332406,-0.00896350719970788,1.16479271767597,0.151602890604341,-0.165128995167123,0.229912934034705,1.68966259169718
-0.0699,-0.0408,0.7141,25.6023,0.3060,1.1081,0.2173,4,2,0.14,-0.128628108198785,-0.241268365786772,0.00847996582068407,-1.81632671844706,0.0211340462262109,-0.259328426814234,-0.0443756564343503,-1.90761489351827
-2.5490,-0.0841,29.3167,28.9091,0.0066,1.0774,-0.1256,4,2,0.54,-1.79363593446523,-0.373919748824083,1.39308528694258,-0.103451452601031,-0.0703138522324419,-0.272791751363416,-0.115873947650911,0.15423926166721
0.0369,0.0330,0.1204,25.6028,0.0789,0.7666,0.0776,2,1,0.38,-0.0568791726657109,-0.0154149142704648,-0.0202596009703369,-1.81605736748806,-0.0482229520304152,-0.409051468170038,-0.0735110064674171,-0.679276198639537
-0.6377,-0.4433,0.4384,28.1678,-0.4392,0.9649,0.0102,3,1,0.42,-0.509979442889742,-1.47424321583295,-0.00486331803162441,-0.487426784133743,-0.206444367743356,-0.322116357193065,-0.087567930876999,-0.459930008635255
0.0281,0.0202,0.3921,29.5149,-0.0046,0.4063,0.2719,4,2,0.34,-0.0628498554036032,-0.0546804587299043,-0.00710704610648473,0.210347594459949,-0.0737279559683925,-0.567029618651895,-0.0329806138898577,-0.898622388643818
0.0705,0.0468,0.5050,29.0914,0.0392,0.7861,0.2592,3,2,0.49,-0.0343665421399349,0.0270053502196472,-0.00163932040949502,-0.00901804234090397,-0.0603616482293447,-0.400507013742699,-0.0356427442749951,-0.108976228047451
0.2014,0.0873,1.3062,30.8430,0.2439,1.5819,0.1979,3,1,0.63,0.0535616675389015,0.151050166959686,0.0371415951316506,0.89827512357174,0.00215798127523014,-0.0516398767676825,-0.0484238298916733,0.618591078323082
0.1584,0.0707,1.2402,30.9138,0.0735,1.2290,0.1472,4,2,0.64,0.024661951204649,0.100115221221739,0.033947126616871,0.934984551387741,-0.0498872512576898,-0.206334396481927,-0.0589938636638494,0.649752844564816
0.0878,0.0386,1.2741,30.8873,-0.0262,1.2222,0.1899,4,2,0.74,-0.0226938238064627,0.00189010337351588,0.0355886545352855,0.92121657352194,-0.0803271314365401,-0.209306761849672,-0.0500880213835895,1.19893921050167
0.1626,0.0745,1.1820,30.9841,0.1017,1.2472,0.1931,4,3,0.75,0.0275364756273913,0.111876507549684,0.0311297593254606,0.971362470331126,-0.0412756479165624,-0.198368632657159,-0.0494110814973353,1.20912560141908
0.1092,0.0456,1.3941,31.1181,0.1435,1.0468,-0.2557,4,2,0.69,-0.00835478258554037,0.0232993198923522,0.0413986274272971,1.04079803966561,-0.0285109309073736,-0.286202467676002,-0.143000411037057,0.943885422263577
0.1091,0.0267,3.0803,32.0428,0.0407,1.1318,-0.1712,1,1,0.80,-0.0084488090853497,-0.0345576329031869,0.123026277733051,1.51978174215939,-0.0598791541414376,-0.248947068125708,-0.125385598828089,1.50244608179869
0.0895,0.0208,3.2992,32.2330,0.2094,1.1442,-1.0970,1,1,0.61,-0.0216125190586555,-0.0526589876422888,0.133620450099463,1.61827613610905,-0.00836222209717549,-0.243519651716757,-0.318437219464637,0.520919714123336
-0.0017,-0.0004,3.2012,32.2762,0.0442,1.0848,-6.7525,3,1,0.72,-0.0828170542559696,-0.117621717594294,0.128875945490681,1.64068406396739,-0.0588164456440219,-0.269551960792969,-1.49777647834456,1.05256144565217
0.0342,0.0086,2.9703,32.2485,-0.0273,1.0270,-5.9661,1,1,0.63,-0.058739554126224,-0.0900255744133622,0.117697968149451,1.62633594557451,-0.080659991281995,-0.294904746813132,-1.33379388672901,0.589075105052619
0.0907,0.0255,2.5572,32.1434,-0.0998,0.9562,6.9852,1,1,0.44,-0.0207797129174871,-0.0382942915802942,0.097699985301435,1.57188043342133,-0.102793644124722,-0.325943606405515,1.36693730944261,-0.372191563488304
-0.0193,-0.0086,1.2521,29.4366,0.0705,0.8761,0.0917,3,2,0.39,-0.0946643932319448,-0.142675707740801,0.0345222180846022,0.169789555825929,-0.050778949192303,-0.361037684235605,-0.070569496532423,-0.635407053202964
0.1406,0.0919,0.5299,28.0780,0.2895,1.5032,0.0750,3,1,0.66,0.0127071533717489,0.164986066124308,-0.000436856431511626,-0.533910543865758,0.0160892346235362,-0.0861201918374703,-0.0740494954359933,0.746903997487929
0.0029,0.0012,1.4717,30.4968,-0.0431,1.9394,0.1007,4,2,0.61,-0.0797611930121664,-0.112843695023567,0.0451531808142694,0.718970262095983,-0.0854635558407161,0.105106364173855,-0.0686790950488933,0.485591938001946
0.0401,0.0163,1.4558,30.5080,0.0112,1.3527,0.1166,4,2,0.57,-0.0547702925985589,-0.0664111167080363,0.0443863921906278,0.724756127888345,-0.0688846925290208,-0.152104072589584,-0.0653749578556187,0.272495379912377
-0.0118,-0.0054,1.1794,30.6443,0.1461,0.8372,0.0870,3,1,0.53,-0.0895802460636833,-0.13290526415066,0.0310048657238826,0.795367517755388,-0.0277169532943618,-0.378100288971983,-0.0715415904492407,0.110369961956831
-0.0285,0.0642,-1.4439,26.1791,-0.0891,3.4711,0.0127,1,1,0.48,-0.100829845148013,0.0802374221935206,-0.0959828820573056,-1.51751290839352,-0.0995352821513242,0.776606664140722,-0.0870465382561469,-0.188358586721223
0.0019,0.0014,0.3549,25.3912,-0.0349,0.5742,0.0127,3,1,0.64,-0.0804260946893895,-0.112169871327695,-0.00890686940364345,-1.92562622971353,-0.0829777951599793,-0.493408775553745,-0.087046427795297,0.677269429298754
0.0222,0.0170,0.3020,25.3733,-0.0178,0.5499,0.0394,3,1,0.37,-0.0668124007527105,-0.0642977605709838,-0.0114662200685381,-1.93493955710356,-0.077755865474402,-0.50406194346469,-0.0814668326197657,-0.723145498349916
0.0240,0.0214,0.1210,28.6596,0.0263,0.5578,0.0435,3,1,0.53,-0.0655497591838424,-0.0507294016041104,-0.0202281355280789,-0.232688114659621,-0.0642765686135026,-0.500581031809838,-0.0806160523941211,0.0665006622464518
0.0245,0.0202,0.2121,28.0422,0.0076,0.3561,0.0382,4,2,0.35,-0.0652340987916254,-0.0544660602812178,-0.0158220054445021,-0.55247504073221,-0.0699901536671372,-0.58901986154955,-0.0817147122363474,-0.854753243207246
0.6921,-0.2212,-4.1288,27.8709,-0.7228,1.4553,0.0393,4,2,0.14,0.383137981727708,-0.793895681451098,-0.225955490099462,-0.641205462418129,-0.293039841482487,-0.107132798338359,-0.081486158547512,-1.95148411609175
0.0827,0.0458,0.8057,29.2350,0.1587,0.9254,1.5786,3,1,0.48,-0.026132507228061,0.0239118868885993,0.0129132045929755,0.0653849802566732,-0.0238539468310547,-0.339437619092713,0.239495505007975,-0.162777983989204
0.1668,0.1365,0.2226,27.4803,0.1203,2.6760,0.2210,3,2,0.49,0.0303639868002289,0.3015578779376,-0.0153122652799221,-0.84352429140997,-0.035574277903128,0.428006952368408,-0.0436022299401217,-0.108976228047451
0.0077,0.0062,0.2496,27.6948,0.0659,0.9000,0.0042,4,2,0.35,-0.0765307111258603,-0.0975601484672016,-0.0140066914680778,-0.73241184099639,-0.0522081088957241,-0.350559877113317,-0.0888035549729585,-0.854753243207246
-0.6196,-0.2032,2.0488,29.1735,-0.1254,1.1409,-0.1406,4,2,0.58,-0.497796294985876,-0.738795280138671,0.0730935253719367,0.0335394091810739,-0.110608216092788,-0.244953226164033,-0.119009594809568,0.329716151961112
0.0049,0.0046,0.0669,25.9171,1.2749,1.1077,0.0956,1,1,0.18,-0.0784313896577202,-0.102460684437178,-0.0228499329937625,-1.65322435312037,0.316994534914788,-0.259516939662041,-0.0697606903256206,-1.73213792608747
0.2326,0.1740,0.3363,28.2655,0.2303,0.9515,0.7313,3,1,0.41,0.0744959961035924,0.416628588182618,-0.00981016963831213,-0.436788803841767,-0.00198902487273121,-0.328004095672242,0.0628072961909544,-0.509559892292693
0.3177,0.2295,0.3843,28.6158,0.4194,1.0247,0.2197,3,1,0.32,0.131670824166221,0.58649341624194,-0.00748414732985392,-0.255370573303089,0.0557636851937231,-0.295921839387345,-0.0438802029435517,-0.986360833790769
0.1607,0.1354,0.1865,30.5295,0.0921,4.0836,0.2026,4,2,0.71,0.0262066722729451,0.298341901207302,-0.017061743869468,0.735892754077763,-0.0441980962844556,1.04511910373314,-0.0474337934674526,1.00065756608205
0.1519,0.1252,0.2131,30.6399,0.1168,3.9229,0.1991,3,1,0.65,0.0203300160348622,0.267131612748512,-0.0157740811555245,0.793088394256158,-0.0366644702409942,0.974676674929408,-0.0481657825533733,0.696153468897674
0.1532,0.1241,0.2346,30.7474,0.1135,3.2646,0.2028,4,2,0.85,0.0211964030688196,0.263609352520091,-0.0147289443888312,0.84876634537711,-0.0376630497773589,0.686067888956837,-0.0474062560817428,1.72204219537003
0.1520,0.1259,0.2069,30.8762,0.1375,3.1209,0.2101,4,2,0.64,0.0203837454633247,0.269275597235377,-0.0160698563127498,0.915492865643193,-0.0303309718972005,0.623087061710483,-0.0458666989425468,0.670511002369115
0.1561,0.1267,0.2328,30.9358,0.0614,3.7852,0.2280,4,2,0.68,0.0231709595648154,0.271511466771679,-0.0148184998783348,0.946338730274811,-0.0535823009182444,0.914286803335469,-0.0421410082765954,0.856147131390433
0.2593,0.2057,0.2607,26.1757,0.2324,2.1783,0.4389,4,2,0.44,0.0924752061028472,0.513628572038347,-0.0134679062798751,-1.51929994840996,-0.00134162774212164,0.209836211179852,0.00184028567535184,-0.372191563488304
-0.0152,-0.0062,1.4525,29.1994,-0.1393,1.0339,0.0759,4,2,0.27,-0.0918704629518962,-0.135324903785836,0.0442242241420672,0.046929259739049,-0.114840727522151,-0.291857853110207,-0.0738498174340688,-1.24957632350543
0.1138,0.0228,3.9978,28.6974,0.7470,1.0753,0.5472,3,1,0.43,-0.00526534044894819,-0.0466558310790672,0.167439023354655,-0.213077292913975,0.155798756913103,-0.273734315602451,0.024423308147359,-0.402709390860327
-2.8354,-0.0668,41.4795,27.7243,0.0293,1.0899,0.9167,3,1,0.36,-1.98598057218233,-0.320840818599271,1.98186906289327,-0.71716243285609,-0.0633787631587894,-0.267307342698152,0.101483212435678,-0.767014643786488
0.0709,0.0269,1.6318,26.2746,0.8508,2.2983,-0.0587,1,1,0.16,-0.0340710302833913,-0.0338838092073151,0.0529038453680102,-1.46804038898183,0.187490678712472,0.262431295717963,-0.101930545221148,-1.81987637123442
-0.2036,-0.0468,3.3526,31.5977,-0.0526,0.9201,0.0770,4,2,0.50,-0.218416699338135,-0.259645375674186,0.136206425369345,1.28922250108164,-0.0883798966885092,-0.341769917581858,-0.0736364924912126,-0.0404564423864343
0.0504,0.0065,6.7695,31.5264,0.0763,1.0397,0.1550,4,2,0.50,-0.0478123316126687,-0.0965187845735815,0.301612509980121,1.25228516091572,-0.0490169296434269,-0.289341425792971,-0.0573616288435071,-0.0651069283370716
0.1190,0.0165,6.2279,31.6178,0.0957,1.0096,0.0678,4,2,0.50,-0.00175949524177185,-0.0659823198106634,0.275394535323285,1.29961841213381,-0.0430956889063893,-0.302537325139451,-0.0755449105455258,-0.0651069283370716
0.0527,0.0292,0.8072,26.3200,0.0271,0.7104,0.1298,3,2,0.43,-0.0462743267229304,-0.0270230588493475,0.0129863012357595,-1.44454987746136,-0.064029214049449,-0.433680890936989,-0.0626202334109403,-0.416060863198683
-0.0775,-0.0686,0.1299,24.9170,-0.0244,1.5953,-0.0681,1,1,0.21,-0.13373240390272,-0.326445806614932,-0.0197977850947346,-2.17128466397367,-0.0797652395873318,-0.0457565223082222,-0.103886704544287,-1.55666095865666
0.0054,0.0041,0.3227,27.2979,0.0441,4.0821,-0.0349,1,1,0.58,-0.0780619998370407,-0.103900216878359,-0.0104665871721871,-0.938004320105306,-0.0588378219643722,1.04444834871652,-0.0969537423273904,0.329716151961112
-0.0244,-0.0152,0.6042,27.3610,0.0101,0.6986,-0.0328,4,3,0.83,-0.0980627795821961,-0.16295167531658,0.00316230607907877,-0.905329976848169,-0.069232821174726,-0.438880338320684,-0.096517771791056,1.64714318779657
-0.0169,-0.0108,0.5693,27.3223,-0.0380,0.5529,0.0008,3,1,0.49,-0.0930525103780706,-0.149413944699519,0.00147285387168664,-0.925396623293659,-0.0839214070154432,-0.502733585490609,-0.0895205662981302,-0.1105154178182
-0.0754,-0.0194,2.8820,28.2986,-0.0214,0.8587,0.0036,3,1,0.46,-0.132348871119811,-0.175907467287206,0.113425929258266,-0.419659118814604,-0.0788643803725684,-0.368670262561924,-0.0889402087080165,-0.295746115275167
-0.2054,-0.0448,3.5885,28.3750,0.0793,0.9129,-0.0077,3,2,0.26,-0.219652476192772,-0.253519705711715,0.147625476406644,-0.38011632610297,-0.0480916403482632,-0.344908875698828,-0.0912872160623946,-1.29344562321581
0.0753,0.0403,0.8694,25.1629,0.4272,1.3446,0.1951,1,1,0.34,-0.0310890470037241,0.00703566614199156,0.0159973020179885,-2.04388684019287,0.0581272954724581,-0.155650744540183,-0.0490051913730276,-0.898622388643818
0.0485,0.0207,1.3439,30.0859,0.1947,1.2176,0.2382,3,1,0.52,-0.0491488511456727,-0.0530877845396618,0.0389704634524321,0.506115666746339,-0.0128543031307919,-0.211354099057249,-0.0400046732816831,0.0226316710836865
0.0049,0.0034,0.4416,27.2520,-0.0117,0.9485,0.0757,3,1,0.43,-0.0784179573006046,-0.106044201365224,-0.00470986349015068,-0.961810801019987,-0.0758808568036743,-0.329332453646322,-0.0739048416179318,-0.410211571812697
-0.0425,-0.0358,0.1867,25.6091,-0.0898,0.6033,-0.0511,3,1,0.49,-0.11025264366462,-0.226168589329281,-0.0170486736088378,-1.81278889719712,-0.0997368303146272,-0.480664430238059,-0.100332522876176,-0.13767563005836
0.0875,0.0791,0.1072,26.5447,0.0854,0.5881,0.2217,1,1,0.55,-0.0229087415203126,0.125720521664868,-0.020896171071403,-1.32817472369502,-0.0462257929576856,-0.487336908246478,-0.0434524961828412,0.198108561377589
0.0348,0.0344,0.0127,27.7493,0.1555,0.2975,-0.0045,3,1,0.58,-0.0583164348770821,-0.0111575736465475,-0.025470762291992,-0.704202507867289,-0.0248311500470691,-0.614710217087879,-0.0906262815000651,0.329716151961112
2.3842,0.2406,8.9114,29.3803,-0.0173,2.8523,-7.7634,1,1,0.51,1.51957583931602,0.620368371134405,0.40529695122502,0.14061677503579,-0.0775879086716496,0.5052928359495,-1.70858714271987,-0.0212376286266925
-0.1248,-0.0948,0.3163,26.1381,-0.0611,0.5331,0.0425,1,1,0.31,-0.165533509373946,-0.406875853222177,-0.0107754325900428,-1.53879163415451,-0.0909847540111977,-0.511413944529157,-0.0808280006955719,-1.07409943321153
0.0398,0.0330,0.2047,29.9373,0.0187,1.0196,0.0938,4,2,0.64,-0.0549784941338509,-0.0152924008712154,-0.0161807114862435,0.429169349516665,-0.0665943724914869,-0.298157689442729,-0.0701256973850836,0.645402631759804
0.0749,0.0637,0.1762,30.0219,0.0682,1.0087,0.1259,3,1,0.64,-0.0313912750388255,0.0786141196534658,-0.0175569615222365,0.472959599658682,-0.0514874215239134,-0.302918734854781,-0.0634355475472115,0.681513810272281
0.0974,0.0836,0.1650,30.1035,0.0850,0.8239,0.1810,3,1,0.66,-0.0163000218194285,0.139564535780053,-0.0180991352965286,0.515216621264853,-0.0463601583998876,-0.383957339313144,-0.0519490358147104,0.749723505581567
0.0947,0.0834,0.1355,30.1501,0.0477,0.6770,0.2031,3,1,0.61,-0.0181066738514791,0.138982597133618,-0.0195300867936779,0.539375330356687,-0.0577384683463559,-0.448332284829326,-0.0473334059856661,0.505193042255014
0.0527,0.0214,1.4628,29.3402,-0.0578,0.7323,0.2527,3,1,0.57,-0.0463011914371616,-0.0508519150033599,0.0447228303809251,0.119856031888262,-0.0899678519145327,-0.424088655797421,-0.037001331566208,0.311827795511478
0.1152,0.0500,1.3039,29.4598,0.1270,0.7451,0.2782,4,2,0.70,-0.00429149455806588,0.0368064221596009,0.0370326762930651,0.181796392805962,-0.0335282586695978,-0.418481494580097,-0.0316749749918146,0.980161982296976
0.1140,0.0559,1.0404,29.4384,-0.0212,0.8657,0.2442,4,2,0.75,-0.00510415216356077,0.0547852634994534,0.0242775541691181,0.170706385051756,-0.0787849826112673,-0.365605832780133,-0.0387651072366155,1.25097021168862
0.0096,0.0075,0.2814,25.8866,0.0579,0.7439,0.0371,3,1,0.19,-0.0752210563070875,-0.0933946928927213,-0.0124677892997972,-1.66906426144002,-0.0546419556556101,-0.419020729005219,-0.0819581886640351,-1.68826870351399
0.0126,0.0046,1.7695,29.3797,0.0571,0.8298,0.0594,1,1,0.48,-0.0732062027397448,-0.102430056087366,0.0595687101219858,0.140326704772252,-0.0548893102196638,-0.38135323160158,-0.077294152291327,-0.152845373484023
0.2616,0.1578,0.6574,29.6371,0.3976,1.8728,0.0442,3,1,0.58,0.0940132109925855,0.367041289836415,0.00573666333951181,0.273665789129454,0.0491095420446747,0.0758956408032264,-0.0804748906140596,0.373585451671491
-0.0098,-0.0044,1.2088,28.4381,-0.0821,2.1067,0.1429,1,1,0.54,-0.0882571588877949,-0.129964942568673,0.0324280718813992,-0.347400544236754,-0.0973915425961925,0.178424709911571,-0.0598806261856104,0.155172618198536
0.1245,0.0568,1.1934,28.5779,0.1500,2.1401,0.2466,1,1,0.36,0.00192097060790752,0.0574499299331283,0.0316816147742936,-0.274996934527137,-0.0265046105544939,0.193076103803908,-0.0382685775103103,-0.810883943496867
0.0691,0.0292,1.3652,30.4514,-0.0491,1.2795,0.3722,1,1,0.55,-0.0352933747809126,-0.0269311737999104,0.0399981732049517,0.695443491792572,-0.0873232957111936,-0.184225785051928,-0.0120740365429587,0.215550449430255
0.2576,0.1195,1.1555,30.6740,0.2494,1.6801,0.6012,3,1,0.45,0.0912931586766728,0.249581568306033,0.0298493578674228,0.810761961027456,0.00383144178265489,-0.00860195521140691,0.0356736033514448,-0.328322418051732
0.2881,0.2418,0.1915,27.6364,-0.0678,2.6742,0.3744,3,1,0.37,0.111804367992222,0.62419691486095,-0.0168172815873096,-0.762682744927068,-0.0930124506844277,0.427248516957464,-0.0116151711036256,-0.723145498349916
0.1629,0.1143,0.4252,29.6136,-0.0516,2.9794,0.3032,3,1,0.33,0.0277110962698944,0.23368545475342,-0.00550666530486915,0.261456938930172,-0.0880745206835047,0.561048798703163,-0.0264631640465987,-0.942491688354197
0.1987,0.1509,0.3166,28.5737,-0.0410,1.5267,0.7208,4,2,0.60,0.0517751640425243,0.34590772846589,-0.0107638145805936,-0.277193180808213,-0.0848222662302066,-0.0758528176615716,0.0606152078718618,0.474119212083174
0.5029,0.3902,0.2887,28.9339,0.4336,1.4247,0.7219,2,1,0.38,0.256047734878287,1.07875225442611,-0.012111503676691,-0.0906106636133257,0.0601030782248373,-0.120543514650945,0.0608595962166331,-0.676883411895592
0.7168,0.5852,0.2249,29.1954,0.2989,2.1415,-0.0791,3,2,0.47,0.399726942765497,1.67597444741723,-0.0152009260227014,0.0448625091113376,0.0189658765906788,0.193681098524776,-0.106185791502839,-0.240583818630974
-0.0955,-0.0769,0.2427,28.6421,-0.0936,0.4958,0.0729,1,1,0.84,-0.145834957663892,-0.351806080259562,-0.0143397410722858,-0.241752810395192,-0.100900312893694,-0.527770722091189,-0.0744794145618486,1.71116712617892
0.0718,0.0684,0.0505,28.5611,-0.0778,0.8006,0.0427,1,1,0.53,-0.0334665742131885,0.092948187365648,-0.0236452825572998,-0.283688682781018,-0.0960662107344729,-0.394158953193297,-0.0807740153568972,0.0711186943801221
0.1375,0.1213,0.1337,28.8307,0.3095,0.7480,0.1791,3,2,0.57,0.0106452865545015,0.25500278622282,-0.019614801445911,-0.144030210539588,0.0221875934434764,-0.41721012886233,-0.0523387750179965,0.28689992525616
-0.1048,-0.0588,0.7829,27.3049,0.0099,0.6274,-0.0588,3,1,0.44,-0.152081003722655,-0.296460652148637,0.0118104618627637,-0.934393981289481,-0.069303057655877,-0.470085790662293,-0.101941105297133,-0.372191563488304
0.0314,0.0213,0.4767,28.2788,-0.1046,3.9669,1.0253,3,2,0.42,-0.0605999355867371,-0.0512500835509205,-0.00301315002685286,-0.429899635082734,-0.104244180148494,0.993944441583155,0.124117383257281,-0.503799308345634
0.6828,0.4768,0.4320,29.7384,3.3042,1.9008,0.8750,4,2,0.37,0.37687850331183,1.3439631354513,-0.00517458386811528,0.326137427873083,0.936691008110405,0.0881708960092538,0.0927696801198443,-0.759524804738664
0.6323,0.4877,0.2963,30.0783,0.4047,2.3746,0.9710,3,2,0.42,0.342961801594894,1.37747055014601,-0.0117421477929545,0.502168639231764,0.0512777116802068,0.295890134193821,0.112789999688171,-0.459930008635255
0.0105,0.0040,1.6427,29.6831,0.4251,0.8836,0.2620,4,2,0.45,-0.0746098840583269,-0.10417587202667,0.053433917049126,0.297503349000944,0.0575073821822989,-0.357784741606007,-0.0350413293289528,-0.328322418051732
0.1243,0.0658,0.8899,30.0961,1.3415,1.7328,0.0000,4,2,0.34,0.00180679557242476,0.0851073298136851,0.0169891895747067,0.511430168360451,0.337335630608138,0.0145237487928055,-0.089686384590486,-0.894363351658643
0.1321,0.0728,0.8145,30.2130,0.1240,2.3999,0.1757,3,1,0.50,0.00703198249040022,0.106577803032146,0.0133421027751387,0.571966796395672,-0.0344596554848616,0.306972936036977,-0.0530515754104472,-0.0651069283370716
0.0513,0.0311,0.6493,30.2046,-0.0084,4.8620,0.1387,4,2,0.34,-0.0472616049709283,-0.021203672385,0.005342619185696,0.567589843311924,-0.0748853310273596,1.38637558248042,-0.0607544909865786,-0.894363351658643
0.0428,0.0261,0.6405,30.5349,0.3914,5.5313,0.1884,3,1,0.63,-0.0529166273166036,-0.0364259622417405,0.00491614142216807,0.73868468036432,0.0472070495334965,1.67978487004249,-0.0504086426727118,0.581964316748178
0.0320,0.0167,0.9146,31.7416,2.3426,2.1066,0.1237,4,2,0.71,-0.060183532516153,-0.0651553543657298,0.0181848763805114,1.36376537898485,0.643065871778461,0.178394021773556,-0.0638919544245341,1.03162402168434
0.0409,0.0367,0.1124,27.6759,0.0614,0.5486,0.1782,3,1,0.36,-0.0542464306710498,-0.00389865474101927,-0.0206449316170659,-0.742196532564673,-0.0535578708378441,-0.504636250047544,-0.0525161359090853,-0.810883943496867
-0.0370,-0.0098,2.7862,31.9807,0.1078,0.8966,0.1452,1,1,0.39,-0.106525164565036,-0.146320481368471,0.108785986734526,1.48760466221118,-0.0394036930058847,-0.352089899994354,-0.0593993462680418,-0.656714888581001
-0.0100,-0.0023,3.4288,32.0558,0.0780,1.0346,0.0749,2,1,0.72,-0.0883914824589511,-0.12328796230958,0.139895143369439,1.52651551613439,-0.0484916829148191,-0.291564123789206,-0.0740726612956425,1.06311994499166
-0.1461,-0.0301,3.8631,32.0526,-0.0032,0.9726,0.1933,3,1,0.68,-0.179825537344964,-0.208434774787928,0.160919383718794,1.52486315159745,-0.0732882145211859,-0.318771350149422,-0.0493758851417585,0.872677569792343
0.3155,0.0796,2.9667,32.3228,0.3445,0.9819,2.4239,3,2,0.36,0.13023356195485,0.127251939155486,0.11752611842635,1.66479615462401,0.0328940761789348,-0.314685443773702,0.41576079355346,-0.767014643786488
2.2446,0.9210,1.4371,27.8646,0.4913,2.1148,0.2107,4,3,0.99,1.42581127047045,2.70447443411612,0.0434811556210509,-0.644468752882934,0.0777049511532977,0.181993301960751,-0.0457585489375564,2.44815531683738
0.1317,0.0869,0.5169,27.5268,-0.2866,1.7578,0.1783,4,3,0.83,0.00679020006231909,0.149610634518505,-0.00106471302549088,-0.819422560405616,-0.159850096899766,0.0254662620050357,-0.0525072976319743,1.64035205481988
0.1174,0.0773,0.5178,27.5583,0.0320,1.9213,0.2742,3,1,0.69,-0.00286766470381035,0.120421817147331,-0.00102404999241897,-0.803106108081585,-0.062542032905077,0.0971800565265347,-0.0325173971109716,0.89625616133312
0.1925,0.1283,0.5003,27.6570,0.1036,1.9443,0.3065,4,3,1.00,0.0475775524438936,0.276534516140905,-0.00186926017984209,-0.75202784256817,-0.0406710034266534,0.107232613736328,-0.0257630877598281,2.52317805200393
0.2375,0.1733,0.3703,27.6680,0.0111,2.3210,0.6433,1,1,0.60,0.07781378831115,0.414423346996129,-0.00816186454771895,-0.746314494341691,-0.0689304989297715,0.27240494057286,0.0444642881234376,0.461324051092249
0.0336,0.0193,0.7426,29.3969,0.1515,1.1047,0.5326,3,1,0.47,-0.0591425248396926,-0.0574063818632039,0.00986154077767465,0.149236005723785,-0.0260496003070371,-0.260840913616406,0.0213789506203009,-0.237659250074884
0.0352,0.0110,2.2027,30.0428,0.6932,0.8799,0.4044,3,1,0.47,-0.0580679362704431,-0.082766655507834,0.0805411535125464,0.483785436280024,0.13936342032376,-0.359389292822224,-0.00535482123606213,-0.196714673194402
0.2187,0.0740,1.9569,26.5529,-0.0028,2.8218,0.1997,1,1,0.57,0.0651739402653534,0.110100063260567,0.0686433436691986,-1.32393244609077,-0.0731691178792342,0.491930343853796,-0.0480525032315473,0.304648201089191
0.1425,0.0586,1.4312,26.3042,0.2551,1.0266,0.0102,3,2,0.39,0.0140168081905216,0.063116174648414,0.0431965143895476,-1.45272882292792,0.00556903125113059,-0.295058187503207,-0.0875632177870912,-0.635407053202964
-0.0795,-0.0346,1.3002,27.9915,0.0543,2.5855,0.2047,3,1,0.72,-0.135109220507071,-0.222309417252925,0.0368525971466038,-0.578757478539236,-0.0557382555135763,0.388327189914924,-0.0469955658617097,1.05017020164629
0.1265,0.0493,1.5644,28.2300,0.2694,2.2699,0.2073,4,2,0.66,0.00326420631946932,0.0346930660225483,0.0496420892151712,-0.455213445402585,0.00993896188274523,0.249989447762711,-0.0464548587390623,0.781968273947253
-0.0539,-0.0136,2.9693,28.5717,0.4074,1.9206,0.1047,3,2,0.63,-0.117895654863406,-0.157989882646979,0.117650527944201,-0.278213606556732,0.0520777968133186,0.0968337189689361,-0.067858132256905,0.616020568153669
0.0637,0.0399,0.5969,27.8101,0.1251,0.6422,0.1350,3,1,0.36,-0.0389066788450138,0.00577990379968499,0.00280747270715371,-0.672703985142709,-0.0341237418793566,-0.46361497756083,-0.0615378243917771,-0.810883943496867
0.2009,0.0578,2.4756,29.5633,0.0885,1.9520,0.2198,4,3,0.40,0.0532325747895688,0.0606352783136132,0.0937542188422793,0.235423132777608,-0.045306611182622,0.110630229016568,-0.0438599376816952,-0.591537753492585
0.1674,0.1449,0.1550,29.4830,0.1428,0.6238,0.3251,4,2,0.91,0.0307266604423506,0.327469461878852,-0.0185837031073021,0.193823949090534,-0.0287124790706765,-0.471681573839076,-0.0218954092626599,2.06189967812773
0.2298,0.1984,0.1579,29.5569,0.0767,4.8291,0.3248,4,2,0.91,0.072642330821637,0.491392390074577,-0.0184418665752775,0.232097684399187,-0.0488978330014751,1.37196530967249,-0.0219658068097039,2.06189967812773
0.1784,0.1581,0.1282,29.5652,0.0083,0.6683,0.2552,4,2,0.75,0.038134605391614,0.367929511980973,-0.0198805634120595,0.23639176026478,-0.069773336703584,-0.452164794865436,-0.0364752209740257,1.25097021168862
-0.0351,-0.0326,0.0753,25.3980,-0.0376,4.9674,-0.0323,3,2,0.44,-0.10525580681761,-0.216336889039515,-0.0224413663281353,-1.92214020672493,-0.0838114716536416,1.43258315029168,-0.0964167724558182,-0.372191563488304
-0.1815,-0.1170,0.5509,26.3139,-0.1114,1.0945,-0.0272,3,1,0.19,-0.203580660903934,-0.474840161455794,0.000578751227831836,-1.44770439157734,-0.106348220822975,-0.265295077648307,-0.0953593312028836,-1.68826870351399
0.0390,0.0323,0.2057,26.8867,2.0204,1.4377,0.0684,1,1,0.48,-0.0555292207755913,-0.0174670137078926,-0.0161313349460847,-1.15102984971739,0.544649292885605,-0.114844289019575,-0.0754279827356171,-0.152845373484023
0.1091,0.0860,0.2685,29.7298,0.0202,4.7457,1.4094,4,2,0.15,-0.00842866054967627,0.146976596434643,-0.0130898368890519,0.321656878266642,-0.0661424160040802,1.33539820121767,0.204218315674362,-1.8637456709448
1.0489,0.4238,1.4749,28.6921,0.1512,1.2263,0.3254,1,1,0.43,0.622744367956105,1.18166350979563,0.0453085716906513,-0.215838140243725,-0.0261564819087887,-0.207526849844798,-0.0218340841128876,-0.442041652185621
0.1993,0.0982,1.0283,28.6983,0.0062,0.7537,0.9231,3,2,0.63,0.0521378376846459,0.184496324954778,0.0236922969431189,-0.212631827866399,-0.0704237875942436,-0.414735788134372,0.102806463257479,0.605929826996487
0.6058,0.2279,1.6584,28.7033,0.0050,0.6248,0.9014,3,2,0.53,0.3251639284167,0.581531623572339,0.054193928500589,-0.210036734972959,-0.0707841312801489,-0.471215114141247,0.0982905918233556,0.0753427112111468
0.8618,0.2741,2.1441,28.8473,0.1549,0.6270,1.3131,3,2,0.64,0.497084667139497,0.723095856405045,0.0777058751232353,-0.135462778112937,-0.0250296444503221,-0.470251506607574,0.184130302850713,0.68067024109653
0.1904,0.1254,0.5183,29.5490,0.1118,0.8516,0.2912,3,1,0.68,0.0462074520181005,0.267744179744759,-0.000995489052523234,0.228000441926709,-0.0381882965059667,-0.371804836659177,-0.0289607921305756,0.880612488772873
0.0057,0.0018,2.2596,30.3230,-0.0588,1.0863,0.1076,2,1,0.66,-0.0778336497660752,-0.111005994034826,0.0832970421706218,0.628944883876412,-0.090261012879337,-0.268898741855219,-0.067251534644699,0.76764549372109
-0.0135,-0.0047,1.8627,30.1839,-0.1299,0.7874,0.3194,3,1,0.40,-0.0907690096684155,-0.130853164713232,0.0640813386255128,0.55688314269168,-0.111979354355258,-0.39992832314013,-0.0230790373138499,-0.591537753492585
0.2721,0.0872,2.1215,28.7273,0.2379,2.8785,0.3231,3,1,0.57,0.101031617585496,0.150560113362688,0.0766123299838373,-0.197589612771484,0.000344047805503302,0.516778967606568,-0.0223159642418418,0.304648201089191
0.6539,0.1981,2.3002,28.6319,-0.0910,2.0959,0.8673,4,2,0.31,0.357448598744089,0.490412282880582,0.0852629061861575,-0.246999974269555,-0.100100227760583,0.173725040775549,0.0911797132086827,-1.03023013350115
0.0315,0.0255,0.2348,29.6639,0.0744,0.6178,0.1698,4,3,0.48,-0.0605596385153903,-0.0383555482799189,-0.0147197467980173,0.287527003865678,-0.0496063053330856,-0.474285681550641,-0.0542761962581541,-0.152845373484023
0.1127,0.1001,0.1262,30.7410,0.0493,0.6088,0.2180,4,2,0.42,-0.00598397155463376,0.190162569670064,-0.0199773801574688,0.845477155781632,-0.0572742968187491,-0.478253219394018,-0.0442299577961708,-0.503799308345634
0.0075,0.0052,0.4496,28.4117,-0.0406,0.5697,0.0369,4,2,0.53,-0.076644886161343,-0.100531098399,-0.00432308059224057,-0.361080465058268,-0.0847001158282048,-0.495377200406426,-0.0819835122858677,0.0665006622464518
0.0211,0.0145,0.4564,29.8513,-0.0370,0.5527,0.1272,1,1,0.74,-0.0675041671441649,-0.071985476373885,-0.00399583999275716,0.384602125454457,-0.0836160310104387,-0.502816881865222,-0.0631650374662424,1.16432849903442
0.0658,0.0417,0.5769,29.9205,0.0717,0.8836,0.1159,1,1,0.55,-0.0375029975264317,0.011384891815346,0.0018393052530608,0.420446522305978,-0.0504369280666979,-0.357767205527142,-0.0655265749530966,0.21725147242437
0.1070,0.0744,0.4368,29.8159,-0.0993,0.8663,-0.2797,1,1,0.39,-0.00985920658248959,0.111600852401372,-0.00494270776286003,0.366286260242467,-0.10263484860212,-0.365360327676013,-0.148004009067448,-0.635407053202964
-0.5776,-0.0726,6.9577,29.1680,0.0310,1.6655,-0.0423,1,1,0.49,-0.469608493578752,-0.338697146539874,0.310721029388227,0.0306646056763641,-0.0628413013899814,-0.0149763198791083,-0.0985112879825097,-0.129813991136074
-2.5879,-0.1135,21.7981,28.9620,-0.1861,1.2428,-0.2279,1,1,0.70,-1.81976186905511,-0.464058982321844,1.02912258000916,-0.0760190933921218,-0.129156754636762,-0.200275681233809,-0.13720083228011,0.965181378558487
0.1648,0.0976,0.6889,27.2669,0.2015,0.8792,0.2334,4,3,0.54,0.0290207510886671,0.182536110566787,0.00726007482852701,-0.954087680253279,-0.0107838538168613,-0.359718094300957,-0.0410072670438669,0.15423926166721
0.1120,0.0449,1.4946,29.5345,1.9086,4.8297,0.2334,1,1,0.44,-0.00648768494646944,0.0210634503560503,0.046264152967841,0.220484514205385,0.5105082555261,1.37220643075689,-0.0410072670326912,-0.380751445660306
0.1615,0.0521,2.0973,29.5085,-0.0256,0.9115,-0.4926,1,1,0.32,0.0267439665575699,0.0432690039700078,0.0754389110294767,0.2070480452122,-0.0801347445533872,-0.345515624027583,-0.192415852446668,-0.986360833790769
-0.1099,-0.0723,0.5203,28.8537,-0.1263,0.4738,0.2564,1,1,0.36,-0.15546595771579,-0.337717039345879,-0.000902544976930319,-0.132158049039056,-0.110898323297542,-0.537441869585652,-0.0362129399362847,-0.767014643786488
0.1942,0.1004,0.9346,29.6577,0.2936,1.7191,0.2637,1,1,0.59,0.0487461675129524,0.191081420164434,0.0191554642532395,0.284320691488353,0.0173260074438045,0.00850448972213567,-0.0347010258591307,0.41745475138187
0.1962,0.1010,0.9432,29.7808,0.1310,1.3150,0.2927,1,1,0.58,0.0501028355816298,0.192888492803363,0.0195717762584995,0.348084351205437,-0.0323128621696798,-0.168636210940274,-0.0286412752956501,0.373585451671491
0.0528,0.0318,0.6586,31.6577,-0.0287,1.5888,0.0741,3,2,0.42,-0.0462273134730257,-0.018875917799261,0.00579233296812215,1.32026519910638,-0.0810814101689012,-0.0486105191436236,-0.0742353926346498,-0.459930008635255
0.0569,0.0396,0.4366,28.1335,0.2384,2.0561,0.1265,4,2,0.33,-0.0434938287999974,0.00483042495550197,-0.00495432577230914,-0.505203947427734,0.000484520767805376,0.156254722205542,-0.0633107648694824,-0.942491688354197
-0.6695,-0.3452,0.9393,25.5531,-0.3096,2.0832,-2.8432,3,2,0.38,-0.531316742167902,-1.17371784747412,0.0193844358561325,-1.84181146302936,-0.16687374501487,0.168131031617373,-0.682572244842946,-0.679276198639537
0.1746,0.1491,0.1710,28.3878,-0.0428,1.4917,0.2371,3,1,0.69,0.0355824575396466,0.340333368800041,-0.01781207364639,-0.373460249519993,-0.0853872118394649,-0.0911793505902403,-0.0402451050826386,0.939756746645174
0.1917,0.1644,0.1661,28.4817,0.0984,1.7917,0.1341,3,1,0.56,0.0470671228735001,0.38713348731332,-0.0180454020028264,-0.324837221594381,-0.042262012412727,0.0403280888437618,-0.0617276632112948,0.227906547166939
0.1066,0.0608,0.7533,30.6226,0.0071,2.7197,0.1316,1,1,0.57,-0.0100875566534551,0.0698237832573198,0.0103790262818873,0.784142834521682,-0.0701520029497895,0.44716950254896,-0.0622472721464118,0.297736734543175
0.1535,0.0884,0.7356,30.7345,0.1184,2.9331,-0.0040,4,2,0.49,0.0214046046041116,0.15448054213867,0.00952268216874213,0.842110268794133,-0.0361575460726867,0.540737635356904,-0.0905233994641267,-0.113038103107496
1.0869,-0.0373,-30.1534,28.9514,-0.0360,1.2060,-0.0321,1,1,0.53,0.648279278832895,-0.23057907170226,-1.48576644680741,-0.0815097090948114,-0.083295386205184,-0.216422025849452,-0.0963742019134075,0.0966608829342408
0.1496,-0.0054,-28.6932,29.0072,0.0574,1.1418,-0.0067,3,2,0.46,0.0187920111451239,-0.132935892500472,-1.41507812056546,-0.0526010994375368,-0.0547885361380123,-0.244589352527568,-0.091085532454788,-0.284453118341353
0.0106,0.0098,0.0779,25.9038,-0.9551,0.7472,0.0464,3,2,0.42,-0.0746031678797691,-0.0864114291355043,-0.0223188931451925,-1.66015496048849,-0.363984794965136,-0.417582770538227,-0.0800200184343135,-0.503799308345634
-0.0003,-0.0003,0.0540,27.7528,-0.0038,0.5384,0.0340,3,2,0.44,-0.0818633569007607,-0.117162292347109,-0.0234714964992901,-0.702368849415636,-0.0734806014043388,-0.509094798099162,-0.0825900466980399,-0.372191563488304
0.0173,0.0147,0.1785,24.9749,0.0363,1.3127,0.0295,3,2,0.29,-0.0700563149961323,-0.0713729093776379,-0.0174485267673781,-2.14128311100199,-0.0612350236036576,-0.169631383415905,-0.0835422926541267,-1.16183787835848
-0.0017,-0.0017,0.0026,27.4107,-0.0027,5.0394,-0.0036,3,2,0.47,-0.0828036218988539,-0.121450261320839,-0.025960655023763,-0.879606960263682,-0.0731324727586336,1.46412178813174,-0.0904365389758759,-0.240583818630974
0.2165,0.1934,0.1193,27.2055,0.1821,1.2215,0.2198,1,1,0.23,0.0637165295183088,0.476047586818587,-0.0203133342640391,-0.985876273241398,-0.0167173095940991,-0.209648715387555,-0.0438523112727218,-1.46892251350971
1.9747,-0.1100,-18.9451,28.1320,1.5257,4.1253,-0.0569,2,2,0.41,1.24456847590942,-0.453430944936957,-0.943189430770755,-0.505949842391118,0.393601159530221,1.06339169791125,-0.101550373907954,-0.547668608056013
0.0170,0.0125,0.3542,28.2516,-0.0346,3.1290,0.0263,3,2,0.38,-0.0702846650670978,-0.0779886329371066,-0.00894365976689898,-0.444025020951822,-0.0828953436386281,0.626616197582215,-0.0842028260506257,-0.679276198639537
0.3020,0.2500,0.2082,27.1217,0.4398,2.6649,0.4643,3,2,0.42,0.12116000472325,0.649250905007456,-0.0160069254282338,-1.02930393555399,0.061971979375465,0.423140690483161,0.00713247262039437,-0.503799308345634
0.1190,0.0363,2.2783,28.7589,0.1531,1.2259,3.6890,3,2,0.42,-0.00177964377744528,-0.00524630213276289,0.0842003424052905,-0.181221362186107,-0.0255701599791801,-0.207697826613739,0.679579139010955,-0.459930008635255
-0.0584,-0.0275,1.1237,30.1907,0.1061,0.7746,0.2475,3,2,0.46,-0.120897786678747,-0.200593917235965,0.0283080352805069,0.560384705158678,-0.0399319934945425,-0.405548636416604,-0.0380809711353068,-0.284453118341353
-0.2244,-0.1050,1.1362,26.6296,-0.0779,0.9729,-0.1883,3,2,0.39,-0.232393066916935,-0.43811677003078,0.0289155603579502,-1.28415656120308,-0.0960967483349734,-0.318622293479063,-0.128949013264057,-0.635407053202964
0.0186,0.0111,0.6746,25.7541,1.4881,1.2848,0.0477,1,1,0.16,-0.0691966441407328,-0.0823684869602734,0.00656686693139648,-1.73765551911456,0.382097645421701,-0.181875950483917,-0.0797407455481078,-1.81987637123442
0.0721,0.0612,0.1783,25.5949,0.2902,1.2997,0.1192,4,3,0.45,-0.0332583726778964,0.071048917249814,-0.0174586925256461,-1.82012871082987,0.0163029978270394,-0.175330609047275,-0.0648275377402125,-0.328322418051732
0.0824,0.0432,0.9083,25.7858,0.1998,1.0853,0.0796,1,1,0.27,-0.0263810058346999,0.0157953741883251,0.0178799036324721,-1.72127690887692,-0.0112907779851688,-0.269354679905729,-0.0730886820822058,-1.24957632350543
1.2718,0.0917,12.8770,28.6622,0.1806,0.9941,0.6416,3,1,0.44,0.772481568902458,0.164312242428436,0.597267614441198,-0.231325820386218,-0.0171570510413056,-0.309341323739363,0.0441102663445282,-0.385968677259706
0.0138,0.0107,0.2924,24.9715,1.2758,0.9593,0.0416,1,1,0.19,-0.0724472745627123,-0.0837773910516417,-0.0119323926976838,-2.1430494317139,0.317269373319292,-0.324575792253987,-0.0810186212688648,-1.64439948094052
-0.0094,-0.0091,0.0263,25.2699,0.0043,0.9587,-0.0185,1,1,0.19,-0.0879817955669247,-0.14436026698048,-0.0248162810930252,-1.98848859968319,-0.070991786963552,-0.324865137555272,-0.0935520698758913,-1.64439948094052
0.3457,0.3433,0.0069,29.4005,0.4511,1.0624,4.8885,1,1,0.43,0.150462691770971,0.935074665456356,-0.0257554035234953,0.151090383479978,0.0654379970322662,-0.279367780938074,0.929701045351406,-0.444722005305498
0.0391,0.0181,1.1602,30.3998,96.2369,1.3435,0.1890,3,2,0.33,-0.0554419104543398,-0.0609898987912495,0.0300759090516805,0.668700049459566,29.3161107221538,-0.156132986708991,-0.0502650368020751,-0.942491688354197
0.0521,0.0192,1.7211,28.0589,0.0463,1.0432,0.2393,1,1,0.39,-0.0466772974363989,-0.0577126653613274,0.0572286493854432,-0.54385063021808,-0.0581873710737126,-0.287789482813352,-0.0397753898672746,-0.64028133412978
0.1812,0.1473,0.2302,28.6611,0.1569,1.2614,0.2438,4,2,0.62,0.0399949868521272,0.334697752434568,-0.0149453298148209,-0.231916320565563,-0.0244066774001128,-0.192130172600667,-0.0388397666446927,0.561091070683983
0.1451,0.1167,0.2430,28.7430,0.0854,1.1668,0.0803,1,2,0.36,0.0157562984369942,0.241128143757823,-0.0143252185604744,-0.189472825218546,-0.0462441155179859,-0.233616151177323,-0.0729491583925103,-0.767014643786488
0.0730,0.0316,1.3108,29.7757,0.0993,0.9921,0.0789,1,1,0.37,-0.0326606327862514,-0.0196416265445699,0.037365241813546,0.34543746005065,-0.041990227768273,-0.310204975623502,-0.0732346640462007,-0.719288807452955
0.0646,0.0259,1.4926,29.8450,0.0718,0.9598,0.1032,3,1,0.66,-0.0383358036676001,-0.0370691575878,0.0461683043898858,0.38135955429419,-0.0503880679058972,-0.324356591268165,-0.0681679670844085,0.740137239772721
0.0691,0.0279,1.4738,29.9110,0.0682,0.7588,0.1326,4,2,0.78,-0.0352665100666813,-0.0308209742260795,0.0452572588155844,0.415530867304231,-0.0514904752839635,-0.412492923647442,-0.0620386186625182,1.39958155271341
0.0529,0.0221,1.3922,29.9276,0.0167,0.6823,0.1448,4,2,0.78,-0.0461601516874476,-0.0486773021666826,0.0413051992679771,0.424129378687688,-0.067205124501496,-0.44599998634018,-0.0594910394466616,1.39958155271341
0.0069,0.0032,1.1249,30.0646,0.1468,0.5908,0.0896,4,2,0.76,-0.0770881539461584,-0.106534254962222,0.0283690298301147,0.495082637079613,-0.0274879212906084,-0.48614007086389,-0.0710061982876109,1.27768765810317
0.0805,0.0615,0.3101,27.2775,-0.0286,1.5098,0.1577,1,1,0.37,-0.0276234988678946,0.0718146259951229,-0.0110765326682657,-0.948560805767649,-0.0810508725684008,-0.0832486589232032,-0.0568042575276448,-0.720805781795521
0.1434,0.1072,0.3373,27.3787,0.1065,1.6615,0.1485,1,1,0.37,0.0146212642607245,0.212031211436085,-0.00975788859579111,-0.896161684589905,-0.0398067893324907,-0.0167211597262508,-0.0587249142139311,-0.720805781795521
-1.9027,-0.2193,7.6752,26.3834,-0.1539,1.6366,-5.5601,4,2,0.60,-1.35956259809547,-0.788168180036188,0.345454520887538,-1.41168906046338,-0.119314485995467,-0.0276549048990481,-1.24913565273105,0.452550191150173
0.0326,0.0043,6.5351,26.3074,-0.0732,1.6893,1.9487,1,1,0.38,-0.0597872779812422,-0.10313450813305,0.290263651083244,-1.45108681804324,-0.0946828574318024,-0.00454235295398495,0.31667339472116,-0.662403426660269
0.1675,0.0708,1.3660,28.2562,3.5231,1.8405,0.2906,4,2,0.69,0.03082068694216,0.100452133069675,0.0400383521542966,-0.441606042146959,1.00355919192624,0.0617352571191304,-0.0290799512861961,0.91268971578434
0.1245,0.0488,1.5520,28.3714,0.1220,1.0388,0.2648,4,2,0.69,0.00194111914358095,0.0330697634824935,0.0490408572261795,-0.381960344206891,-0.0350490311745203,-0.289718451488585,-0.0344615187597106,0.91268971578434
0.0657,0.0254,1.5860,28.2813,-0.0862,1.3564,0.1107,4,2,0.67,-0.0375768754905676,-0.0386005750784178,0.0506881941493186,-0.428646117158157,-0.098640530456661,-0.150481985294502,-0.0666072890428088,0.817263035473981
0.0153,0.0061,1.4812,28.2400,-0.0404,1.1018,0.1100,3,1,0.73,-0.0714465639575988,-0.097590776817014,0.0456169330247799,-0.450023259615705,-0.0846604169475542,-0.262094743255307,-0.0667460103205896,1.12775480764907
0.0355,0.0152,1.3403,28.2223,-0.0176,0.8913,0.1233,1,1,0.25,-0.0578530185565932,-0.0699333769364572,0.0387942569757872,-0.459191551873968,-0.0776764677131009,-0.35440904642435,-0.0639810485133821,-1.33731476865238
0.0953,0.0384,1.4796,32.3938,0.0560,1.0437,0.0808,3,1,0.67,-0.0177171354951262,0.00127753637726878,0.0455356069586361,1.70159881931043,-0.0552099550249185,-0.287561513788097,-0.0728414366494911,0.797654834625799
0.0349,0.0153,1.2799,32.2609,-0.1245,1.0746,-0.0075,4,3,0.93,-0.0582291245558305,-0.0694739516892718,0.0358679708457913,1.63273821067689,-0.110330323928234,-0.274045581002318,-0.0912570401163282,2.1837309375724
-0.0730,-0.0286,1.5492,32.2970,0.0367,0.9853,0.1157,4,3,1.00,-0.130723555908822,-0.204116177464385,0.0489062819500606,1.65142184354444,-0.0611006581614557,-0.313199261089829,-0.0655507099473577,2.52317805200393
0.1110,0.0485,1.2865,32.3055,0.0085,0.8737,0.0879,4,3,1.00,-0.00715930280225035,0.0322427980375599,0.0361894024405502,1.65582469575886,-0.069712261502583,-0.362124921125281,-0.0713641489943695,2.52317805200393
0.1166,0.0558,1.0905,32.3600,0.0561,0.8986,0.1245,4,3,0.86,-0.00337137809564603,0.0544483516515175,0.0266994250555315,1.68408064732317,-0.0551977399847183,-0.351195559972201,-0.0637148024181848,1.8212701822807
0.0932,0.0578,0.6135,25.4303,0.1018,1.7641,0.0490,3,2,0.38,-0.0190939520994771,0.0605433932641762,0.00361008352659674,-1.90539382883173,-0.0412237339957116,0.0282632665841234,-0.0794780058145753,-0.679276198639537
0.0249,0.0154,0.6200,28.5462,0.3740,1.2742,0.1771,3,1,0.71,-0.0649453031136396,-0.0692595532405854,0.00392570611663102,-0.291427343026129,0.0418782382461677,-0.186509859324193,-0.0527615623727745,1.03842533673227
-2.7613,-0.4106,5.7251,24.9948,0.1089,3.0124,-0.3314,1,1,0.13,-1.93619354053329,-1.37396599854729,0.251052869192481,-2.13097525699412,-0.0390616718802796,0.575480991609678,-0.158788684907811,-1.99535333866522
0.0505,0.0451,0.1199,30.1463,0.0332,0.7040,0.4133,3,2,0.48,-0.0477921830769952,0.0216147606526727,-0.0202823529055081,0.537391456947132,-0.0621664204189214,-0.436491047575226,-0.00350887170868504,-0.152845373484023
0.1240,0.0807,0.5358,29.0600,0.0457,0.8531,0.1813,3,1,0.16,0.00157172932290144,0.130835456083531,-0.000148342530191941,-0.0252775165774545,-0.0583583816365151,-0.371156001741144,-0.0518853181120426,-1.81987637123442
0.0928,0.0254,2.6602,29.1743,0.2212,0.9329,0.1657,4,2,0.53,-0.0193625992417894,-0.0387230884776672,0.102687499941195,0.0339537952718438,-0.00476489275822228,-0.336145220285668,-0.0551268615550514,0.110369961956831
0.2447,0.1118,1.1885,28.0697,0.0347,1.2484,0.3666,4,2,0.40,0.0826628692298882,0.226089623999956,0.0314434455805867,-0.538240878514294,-0.0617205714516148,-0.197829398232037,-0.0132354720593374,-0.591537753492585
-0.0707,-0.0336,1.1068,26.6440,-0.0257,1.4202,0.0200,1,1,0.17,-0.129172118661968,-0.219185325572064,0.0274923542004336,-1.27671315104764,-0.0801530671136875,-0.122538243621924,-0.085511501089013,-1.77600714866094
-0.0995,-0.0447,1.2263,28.2515,-0.1679,1.5343,0.0702,4,2,0.82,-0.148514712908458,-0.253274678913216,0.0332776388223658,-0.444066459560899,-0.12358364254543,-0.0724990425784963,-0.0750454767907352,1.60697090559308
0.0184,0.0093,0.9867,28.2356,-0.0158,1.7572,0.1368,4,2,0.18,-0.0693175353547733,-0.0880041033257468,0.0216775404711516,-0.452307562941069,-0.0771390059442929,0.0252382929797809,-0.0611543069070827,-1.73213792608747
0.1721,0.0857,1.0084,30.5443,-0.0459,1.3756,0.1045,3,1,0.82,0.0339034129001943,0.146088374290084,0.0227265499076612,0.743543357278587,-0.0863460924951791,-0.14206466743894,-0.0678854912651579,1.58646544828437
0.1115,0.0557,1.0026,30.5724,0.0285,1.1037,0.1169,4,2,0.79,-0.00681677769580209,0.0541114398035816,0.0224457813459743,0.758103848542982,-0.0636108489225928,-0.261292467647199,-0.0653139269143515,1.43776833102298
0.1295,0.0666,0.9456,30.5958,0.0237,0.9962,0.1105,4,2,0.79,0.00527234370825425,0.0874350843994241,0.0196855359343554,0.770255720654784,-0.0650674924664643,-0.308389991460896,-0.0666404820072408,1.43776833102298
0.1037,0.0533,0.9458,30.6953,0.1046,0.9818,0.1237,4,2,0.77,-0.0120688293280088,0.0467606358486163,0.0196986061949857,0.821800170520315,-0.0403656274216489,-0.314729283970866,-0.0638853001931112,1.33870850256176
0.1433,0.1155,0.2406,25.8995,0.0861,0.7821,0.1322,2,1,0.35,0.0145473862965886,0.237360856730903,-0.0144384941526033,-1.66235120676956,-0.0460211910343326,-0.402265005648991,-0.0621120164911314,-0.854753243207246
0.0493,0.0209,1.3595,29.5812,0.0194,0.8293,0.1033,2,1,0.47,-0.0485914083253745,-0.0524445891936023,0.0397241818154434,0.244679482080162,-0.066398931848284,-0.381589968666268,-0.068147854996735,-0.241580890244521
0.0577,0.0239,1.4088,29.6577,0.0795,0.7519,0.1579,3,2,0.47,-0.0429632506939305,-0.0430723141510216,0.0421092623386013,0.284299972183815,-0.0480427801874625,-0.415495977153202,-0.0567568313265795,-0.240583818630974
-0.2420,-0.0575,3.2114,28.0865,-0.0372,0.8301,-0.0177,4,2,0.14,-0.244220257357237,-0.292387081623593,0.129372131310903,-0.52953359078201,-0.0836679449312895,-0.381212942970654,-0.0933672753988482,-1.95148411609175
0.1503,0.1204,0.2481,28.4339,0.1099,1.5639,0.3609,4,2,0.43,0.0192419951084971,0.252368748138957,-0.0140754313573184,-0.349560531734889,-0.0387440808350749,-0.059535496276988,-0.0144180254185524,-0.419293362273207
0.2760,0.2287,0.2070,28.6311,0.2180,3.3441,0.3186,4,2,0.43,0.103677791937273,0.583951263207515,-0.0160659836429335,-0.247424720012594,-0.00575431101443692,0.720938381781387,-0.0232537345200987,-0.419293362273207
0.1608,0.1392,0.1551,28.6130,-0.0180,2.1009,0.2320,4,2,0.69,0.0263074149513123,0.309980674135997,-0.0185793463537587,-0.256836464099184,-0.0778169406754029,0.175881978476036,-0.0413150283213626,0.900016431100812
0.0219,0.0208,0.0528,27.6650,-0.0856,0.6176,-0.0190,3,1,0.28,-0.0669601566809823,-0.0525977309426641,-0.023532491048898,-0.747878801834344,-0.0984481435735081,-0.474377745964686,-0.0936454193509891,-1.20570702379505
-0.4353,-0.0683,5.3701,27.3636,0.0025,1.0876,-0.1728,1,1,0.48,-0.374057421236802,-0.325710726219436,0.23386983321724,-0.903962502748631,-0.0715628400929104,-0.268333203311799,-0.125720063789202,-0.158659336168245
-1.6664,-0.1145,13.5511,27.2870,-0.0738,1.2421,-0.1550,1,1,0.48,-1.20085929877445,-0.467152445652892,0.629900666648853,-0.943671049896573,-0.0948508142345549,-0.200613250751975,-0.122014817218639,-0.158659336168245
-0.6604,-0.0366,17.0370,27.2823,-0.0046,1.1139,0.1740,4,2,0.31,-0.525218452037411,-0.228526972264833,0.798645476725069,-0.946069309396898,-0.0737279559683925,-0.2567856953787,-0.0533973869116314,-1.07409943321153
0.1528,0.0622,1.4559,29.0519,0.1096,1.2574,0.2651,4,2,0.36,0.0209546206407384,0.0742036372804866,0.0443897807767171,-0.029457636268087,-0.0388540161968766,-0.193875012447809,-0.0343994148507906,-0.767014643786488
-0.0212,-0.0181,0.1705,26.7411,-0.0322,1.8091,0.0776,3,2,0.52,-0.0958934539080238,-0.171742011712726,-0.017832405162926,-1.22640149980214,-0.082147172426367,0.0479825872686633,-0.0734950980841009,0.0226316710836865
0.0892,0.0574,0.5533,28.3591,0.0405,0.8113,0.2423,1,1,0.50,-0.0217938558797163,0.0594407726709314,0.000697351740958215,-0.388321170700196,-0.0599646594228388,-0.389454900037558,-0.0391599581001439,-0.0651069283370716
0.2184,0.1553,0.4063,28.4642,0.1108,1.2354,0.2416,3,1,0.46,0.0649993196228503,0.359292317333889,-0.0064210994652599,-0.333870838373146,-0.0384692424305709,-0.203528623863407,-0.0393055171967918,-0.278259796366134
0.2902,0.2360,0.2295,28.6683,0.2263,1.3291,0.4318,3,2,0.50,0.113214765489362,0.606524357019221,-0.014977279340806,-0.228186845748641,-0.0031983138525491,-0.162481047258394,0.000355870715149893,-0.0651069283370716
0.3088,0.2078,0.4858,30.8163,0.0994,2.3763,0.3186,3,1,0.68,0.125700141428329,0.520152410548379,-0.00257263383524058,0.884434628140054,-0.0419627439278225,0.296635417545615,-0.023258761110464,0.859280432407164
0.2193,0.1548,0.4166,30.8929,0.0796,1.4683,0.2283,3,1,0.74,0.0656037756930532,0.357791528193084,-0.00591958872403977,0.924127635809593,-0.0479969737867118,-0.101424804667557,-0.0420711237283846,1.19206014145508
0.1422,0.1001,0.4202,30.8114,-0.0782,1.6416,0.5107,3,1,0.68,0.0137817419409983,0.190162569670064,-0.00574725491721124,0.881943131769306,-0.0962036299367249,-0.0254760470999783,0.0168155692118354,0.859280432407164
0.3314,0.2225,0.4894,31.2180,0.5016,1.1929,0.5233,4,2,1.00,0.140865272611862,0.565022943023479,-0.00239594327486863,1.09251860361972,0.0808594852849944,-0.222182627756852,0.0194321358222922,2.52317805200393
0.4420,0.2817,0.5687,31.4456,0.2557,1.2997,0.6746,4,2,0.97,0.215132775104114,0.746526544011497,0.00143993617824748,1.21044252540032,0.00575531061418335,-0.175339377086708,0.0509805206296542,2.34770116171002
-0.9482,-0.2365,3.0100,26.3478,-0.2000,1.0646,0.0110,1,1,0.14,-0.718510070931156,-0.840634543264752,0.119621232797007,-1.43015514063327,-0.133380104785975,-0.278438368758189,-0.0873966075585827,-1.95148411609175
0.0074,0.0034,1.1910,26.9901,0.0477,0.9363,0.0658,1,1,0.14,-0.0767456288397101,-0.106105458064849,0.0315678550984377,-1.09744972818096,-0.0577598446667062,-0.334676573680661,-0.0759613001945573,-1.95148411609175
0.0921,0.0286,2.2208,31.5928,0.2577,0.9025,0.0909,1,1,0.47,-0.0198595964550673,-0.0288607598380888,0.0814173450585004,1.28665848714501,0.00636911638424243,-0.349490176302506,-0.0707279659087689,-0.225443232954802
0.0697,0.0204,2.4148,31.7114,0.1259,0.8733,0.0961,3,1,0.70,-0.0348501069960972,-0.0538534932849707,0.0908100216143828,1.34808604527538,-0.0338672260351528,-0.362304665933655,-0.0696544644917514,0.989379533707497
0.0190,0.0050,2.8176,31.6102,-0.0962,0.9543,0.1565,3,1,0.53,-0.0689212808198626,-0.101143665395247,0.110305525553725,1.2956817442715,-0.101700398026806,-0.326776570151639,-0.0570613900052332,0.0871452745289229
0.0252,0.0065,2.8781,31.6487,0.0393,0.8526,0.0920,1,1,0.55,-0.0647505339354632,-0.0964881562237692,0.113237136604718,1.3156447941943,-0.060315841828594,-0.371362050667817,-0.0705081683876683,0.183766651199379
0.0247,0.0064,2.8872,31.6848,0.0367,0.8197,0.1948,4,2,0.62,-0.0651132075775848,-0.0969475814709545,0.113677168712603,1.33430770775731,-0.0611159269617059,-0.385785475534899,-0.0490581962469014,0.549062341965393
0.1560,0.1373,0.1367,27.0940,0.0806,1.4725,0.1147,3,2,0.45,0.0231105139577951,0.3040387742724,-0.0194705444952512,-1.0436416942946,-0.0476915977817073,-0.0995747483472197,-0.0657692888808113,-0.328322418051732
0.1201,0.0413,1.9068,29.7343,0.3314,0.8798,0.1369,4,3,0.66,-0.00101399942185505,0.0101597578228518,0.066219536447877,0.324003339505623,0.0288936505133756,-0.359437517039105,-0.0611373085615249,0.758438432929434
0.1474,0.0568,1.5924,29.6670,-0.0651,0.8256,0.1353,4,3,0.67,0.0172808709696169,0.0576949567316271,0.0509970395671742,0.289163828924216,-0.0921818279508154,-0.383198903902201,-0.0614645752480812,0.817263035473981
0.1404,0.0614,1.2887,29.6421,-0.0247,0.8236,0.1522,4,2,0.77,0.0126198430504974,0.0715083424969994,0.0362944486093193,0.276234982892223,-0.0798446373486329,-0.384066939806055,-0.0579555601065107,1.30991946746908
0.1305,0.0637,1.0472,29.6594,0.0175,0.7995,0.1365,4,2,0.66,0.00594396156403516,0.0787978897523399,0.0246072151872367,0.285196082105102,-0.0669883075379427,-0.394654347421254,-0.0612276699254227,0.739654054209727
0.1382,0.0690,1.0015,29.8698,0.2343,0.9659,0.2201,4,2,0.71,0.0110952705178747,0.0950002868030758,0.0223920480522721,0.394210702934164,-0.000782789652963367,-0.321708643359436,-0.043784463034437,1.03162402168434
0.0996,0.0672,0.4810,28.4735,-0.0604,0.7642,0.1121,1,1,0.35,-0.0148090301795949,0.0895484405364766,-0.00280112135440651,-0.329058779894091,-0.0907587757674944,-0.410112400941416,-0.0663012710003539,-0.854753243207246
0.0131,0.0114,0.1504,27.0120,0.1183,0.6932,0.0332,3,2,0.32,-0.0728703938118543,-0.0814190081160904,-0.0188088020403787,-1.08610590894616,-0.0361850299131371,-0.441256477006994,-0.0827530502634785,-0.986360833790769
0.6227,0.1812,2.4374,28.0501,0.8860,1.0135,0.3283,3,1,0.20,0.336554567250745,0.438466601598827,0.0919040508375078,-0.548377798259732,0.198258236648931,-0.300831941469756,-0.02122248879183,-1.60053025836704
0.0815,0.0416,0.9579,22.1338,0.1694,1.0784,79.6667,4,3,0.46,-0.0269787457263449,0.0110479799674101,0.0202809589186225,-3.61294423341138,-0.0205772622973562,-0.272363783358698,16.5231973566726,-0.284453118341353
0.0944,0.0672,0.4041,29.2864,0.0294,1.0604,0.1170,3,2,0.39,-0.0182812944939822,0.0895484405364766,-0.00652614563402898,0.0920041067624491,-0.0633268492379386,-0.280253352920795,-0.0652839053435111,-0.635407053202964
-0.1963,-0.0618,2.1776,27.9344,-0.1042,1.6267,-0.1505,1,1,0.30,-0.213520605169492,-0.305587900392718,0.0793270715251139,-0.608318746289471,-0.104149513586942,-0.0319907003986057,-0.121063604881047,-1.1179685786481
-0.2953,-0.0423,5.9794,28.1257,-0.0321,0.8892,0.1193,4,2,0.29,-0.279997340534686,-0.245985131657875,0.263365538789908,-0.509249391638867,-0.0821288498660667,-0.355312154485936,-0.0648078010956159,-1.16183787835848
0.2468,0.1415,0.7446,27.9678,-0.8509,1.1204,0.3666,1,1,0.56,0.0840934152627015,0.316963937893214,0.00995642118817576,-0.591028486652133,-0.332161561483615,-0.253975538740463,-0.0132467243535877,0.247272229590784
0.3349,0.2410,0.3897,28.1479,0.1974,2.7329,0.4998,4,2,0.49,0.143222651285653,0.621685390176337,-0.00722516253588406,-0.49770873901095,-0.0120328416773298,0.452982712692957,0.0145312395481642,-0.108976228047451
0.1612,0.1047,0.5405,29.0494,-0.0146,2.3280,0.1097,2,2,0.46,0.0265894944507402,0.204129097184498,7.72404866117072E-05,-0.0307733121062786,-0.0767603396980873,0.275456218295501,-0.0668038127089471,-0.284453118341353
0.0629,0.0560,0.1240,27.5757,-0.7709,1.7856,0.1094,1,1,0.63,-0.0394506893081964,0.0549690335983275,-0.0200858149123272,-0.794119109738032,-0.307737588603354,0.0376582208364509,-0.0668800461419293,0.581964316748178
0.0319,0.0291,0.0958,27.5186,-0.0555,1.3410,0.0574,3,1,0.58,-0.0602977075516357,-0.0273905990470957,-0.021448510603963,-0.823680377488269,-0.0892563258228722,-0.157255295756399,-0.0777249613144834,0.373585451671491
0.0385,0.0159,1.4231,27.8681,-0.0231,0.7234,0.1915,4,2,0.52,-0.0558650297034817,-0.0677893924495923,0.0428019861520048,-0.642650633909684,-0.0793835195810761,-0.428007969423917,-0.0497454510144781,0.0226316710836865
0.0468,0.0400,0.1694,25.1773,0.2408,1.9410,0.1062,1,1,0.07,-0.050263736786269,0.00617807234724561,-0.0178875907078093,-2.0364537896897,0.00120520813961604,0.105807807328485,-0.0675362378947962,-2.30243801238491
-0.1774,0.0379,-5.6865,26.3248,-0.0930,1.7176,0.8218,1,1,0.11,-0.200827027695233,-0.000468279562035476,-0.30135927592658,-1.44205838109061,-0.100707926010542,0.00785565480410272,0.0816834412400116,-2.08309182238063
0.0024,0.0019,0.2905,29.2681,0.0387,1.2249,0.3059,3,1,0.54,-0.0800701372258256,-0.110699710536702,-0.0120258208570038,0.08250430563157,-0.0605082287117469,-0.208149380644533,-0.0259072589138847,0.15423926166721
0.1985,0.0971,1.0449,28.1981,0.3137,3.6939,0.3061,4,2,0.60,0.0516274081142525,0.180912808026732,0.0244939395951078,-0.471716371467462,0.0234884952247957,0.87426947136382,-0.0258456292237016,0.452550191150173
0.3088,0.1117,1.7651,28.7617,0.7570,1.4159,0.4631,1,1,0.32,0.12572700614256,0.225691455452396,0.0593576496169935,-0.179781370520684,0.158846409443048,-0.124397067981694,0.00688972918239433,-0.986360833790769
0.0049,0.0033,0.4753,26.2440,-0.0038,2.7907,0.1125,1,1,0.46,-0.0783910925863734,-0.106197343114286,-0.00308092174863936,-1.48392173591055,-0.0734806014043388,0.478291658515956,-0.0662221352751679,-0.284453118341353
-0.1340,-0.0344,2.8939,26.1954,-0.0828,1.1419,0.0174,3,1,0.29,-0.171698961290015,-0.221819363655927,0.114001988893451,-1.50906461196796,-0.0976022520396456,-0.244545512330404,-0.0860590458115543,-1.16183787835848
-0.5112,-0.1332,2.8369,27.2120,-0.0527,1.1007,-1.8607,4,2,0.25,-0.425026500312015,-0.524488716501621,0.111241743481833,-0.982530105558438,-0.0884043267689095,-0.262576985424115,-0.477693481731645,-1.33731476865238
0.0213,0.0166,0.2773,26.3202,0.0758,0.9070,0.0533,4,2,0.71,-0.0674168568229134,-0.0654616378638533,-0.0126633591255239,-1.44442556163413,-0.0491818326861293,-0.347530519489258,-0.0785773778870458,1.02582301799989
0.0226,0.0208,0.0840,29.2658,0.0914,0.4243,0.2704,1,1,0.18,-0.0665370374318404,-0.0526589876422888,-0.0220202134856049,0.0813077657944737,-0.0444179670080589,-0.559133999142589,-0.0332980164953109,-1.73213792608747
0.1793,0.1350,0.3287,29.9249,0.4650,2.6799,0.2863,3,1,0.63,0.0387524938189325,0.296994253815559,-0.0101771051034133,0.422736005457477,0.069679669741779,0.429716720057819,-0.0299901779929202,0.611111575620316
0.0781,0.0620,0.2583,30.0252,0.1055,1.5957,0.1775,4,2,0.53,-0.029262246436,0.0736216986340519,-0.0135826341231852,0.474679301935373,-0.0401060578173951,-0.0455680094604153,-0.052666736336506,0.0665006622464518
-0.0133,-0.0107,0.2476,26.9017,-0.0993,1.4012,0.0000,3,1,0.08,-0.0906414022758171,-0.149107661201395,-0.0141001196273978,-1.1432342113848,-0.10264706364232,-0.130850345004291,-0.089686384590486,-2.21469952866951
0.1826,0.0795,1.2977,27.9801,-0.1333,0.6384,0.0000,4,3,0.83,0.0409352518502204,0.126976284007175,0.0367339966334774,-0.584662480332694,-0.113017632772274,-0.465250216915061,-0.089686384590486,1.64714318779657
0.1774,0.1284,0.3817,27.9396,0.1231,0.3529,0.2440,3,1,0.14,0.0374428390001597,0.276810171289217,-0.00761049318261304,-0.605645956004011,-0.0347131175690153,-0.590413979819377,-0.0387955418177002,-1.90761489351827
0.7980,0.0187,41.6476,25.7492,-0.0998,1.4983,0.1575,4,2,0.30,0.454248880297791,-0.0590909411028834,1.99000554217747,-1.74020917339893,-0.102793644124722,-0.0882902815971073,-0.0568469752984799,-1.1179685786481
0.0945,0.0175,4.4131,27.9686,0.1617,1.1171,0.4995,4,2,0.42,-0.0182275650655197,-0.0629194848294278,0.187543020538895,-0.590614100561365,-0.0229256037758409,-0.255417881227171,0.0144700849023308,-0.459930008635255
0.0742,0.0461,0.6104,26.1754,0.2272,1.2511,0.1504,4,2,0.31,-0.0318748398949877,0.0246775956339082,0.00346195390612052,-1.51943980371559,-0.0029479055284454,-0.196654480948031,-0.0583236774559823,-1.07409943321153
0.5839,0.1753,2.3301,28.8461,1.7246,1.4185,0.0546,1,1,0.25,0.310435348839425,0.420579645308412,0.0867083801951182,-0.136079177422956,0.454319070605269,-0.12325722285542,-0.0783106357231958,-1.33731476865238
0.0138,0.0062,1.2386,29.8303,0.0783,1.0500,0.0539,4,2,0.43,-0.0724338422055967,-0.0975295201173893,0.0338696732205436,0.373750389702443,-0.048415338913568,-0.284839037544189,-0.0784556108021544,-0.434861903489527
-0.0505,-0.0197,1.5671,29.9077,0.0293,0.9119,0.2449,4,2,0.44,-0.115612154153751,-0.176673176032515,0.0497708554865655,0.413842243984347,-0.063357386838439,-0.345382349828203,-0.0386149172195073,-0.388642550879696
0.1987,0.1015,0.9585,29.9576,0.0504,0.8623,0.7458,4,2,0.82,0.0517885963996399,0.194419910293981,0.0203124243608806,0.439689576396065,-0.0569139531328437,-0.367127087621738,0.0658250161904077,1.60192399227642
-0.0399,-0.0240,0.6668,27.8963,-0.0304,2.3747,0.1304,4,2,0.43,-0.108513153418147,-0.189782109752203,0.00619170204293548,-0.628069423340749,-0.0815852805771587,0.295938358410701,-0.0624849561503073,-0.416060863198683
0.1372,0.0636,1.1575,29.1666,0.1178,1.1104,0.1387,3,1,0.34,0.0104773820905563,0.0784303495545916,0.0299427860267427,0.029949789669787,-0.0363560404759396,-0.258328870318886,-0.0607592581257546,-0.878567873672474
0.1517,0.0689,1.2027,29.4172,0.2848,0.9471,0.1386,3,2,0.46,0.0201822601065904,0.0945102332060781,0.032133748975355,0.159771772081588,0.0146631286801651,-0.329915528268609,-0.0607805627744754,-0.284453118341353
0.1040,0.0837,0.2424,25.6356,1.0224,1.2527,0.3712,3,1,0.29,-0.0118471954356011,0.139962704327613,-0.0143513590817349,-1.79903127898359,0.239893201171247,-0.19596618985255,-0.0122746225105571,-1.16183787835848
0.2636,0.2284,0.1541,28.8943,0.0597,5.5450,0.3761,3,1,0.66,0.0953161496328005,0.583032412713144,-0.0186292069776444,-0.111117595280258,-0.0540861713265019,1.68581289715259,-0.0112552538260423,0.738153895712105
0.2899,0.2426,0.1949,28.9790,0.0884,0.6437,0.4793,4,2,0.76,0.113019996311185,0.626739067895375,-0.016654629455022,-0.0672444679200868,-0.0453249337429223,-0.462957813005336,0.0102660050041215,1.30174017877853
0.3633,0.3099,0.1722,29.0344,0.0570,0.6524,0.4825,4,2,0.62,0.162276449854157,0.832714720383464,-0.0177510790967822,-0.038527511829793,-0.054907632779964,-0.459106013282473,0.0109358212342118,0.546669555221449
0.3151,0.2707,0.1643,29.0375,0.0031,5.6906,0.0805,4,2,0.58,0.129964914812537,0.712620960769219,-0.0181339893248759,-0.0369424850326026,-0.0713796144899077,1.74964422422394,-0.0729081478583149,0.373585451671491
0.0208,0.0149,0.4003,29.7626,0.0886,1.3476,0.1889,4,2,0.69,-0.0677123686794569,-0.0708828557806402,-0.0067076770316714,0.338636348335904,-0.0452577510218213,-0.154331154605535,-0.0503016340728725,0.940259987803056
0.1073,0.0753,0.4262,29.8615,0.1040,1.7973,0.1923,1,1,0.59,-0.00960399179729286,0.114081748736173,-0.00545680468098336,0.389890727937897,-0.0405549605447517,0.0428138280229824,-0.0495954232906508,0.423248658471204
0.1007,0.0735,0.3707,29.8996,0.0388,1.9659,0.1863,4,2,0.64,-0.014029953466889,0.108721787519011,-0.00814201711491005,0.409620685684637,-0.0604593685509462,0.116724016422417,-0.0508399486343078,0.636800941386151
-0.0042,-0.0022,0.8957,31.1768,0.0238,0.6824,0.0343,3,2,0.73,-0.0845028150739796,-0.123165448910331,0.0172728626387559,1.07119325942352,-0.0650369548659639,-0.445986834281031,-0.0825243767638641,1.11138635674433
-0.0361,-0.0184,0.9633,31.1838,0.0071,0.6864,0.0914,3,1,0.65,-0.105947573209064,-0.172752747256534,0.020546236801044,1.07482949737002,-0.0701642179899897,-0.444228842374739,-0.070635353332811,0.716262133975215
0.0184,0.0096,0.9143,31.1976,0.0139,0.6653,0.0954,3,2,0.72,-0.0693309677118889,-0.0869627394321267,0.0181727742873352,1.08196729778351,-0.0680784998758089,-0.453474739956708,-0.0697991230096904,1.05256144565217
0.0713,0.0418,0.7061,31.2177,0.0037,0.5952,0.1594,4,2,0.53,-0.0337889507839633,0.0116299186138448,0.00809269883904691,1.09236838866182,-0.0711811200866548,-0.484211102188657,-0.0564554831846597,0.0665006622464518
0.2032,0.0502,3.0455,26.0802,0.2120,3.2590,0.2750,1,1,0.09,0.0548041605720961,0.0374802458554727,0.121340214111749,-1.56874138886484,-0.00758656704446402,0.683595301836765,-0.0323325609929237,-2.17083030609603
-0.3106,-0.0726,3.2750,28.7304,0.0746,1.4016,0.1568,3,2,0.49,-0.290259661371018,-0.338880916638749,0.132451387898646,-0.195978686843618,-0.0495513376521848,-0.130657448136768,-0.0569869350390766,-0.108976228047451
0.0807,0.0424,0.9016,28.3451,0.0364,0.7944,0.1610,4,2,0.32,-0.0275093238324118,0.0135288763022109,0.017555083451624,-0.395604006245462,-0.061195324723007,-0.396894581496354,-0.0561187283823279,-0.986360833790769
0.1267,0.0725,0.7491,27.6638,0.1621,1.7318,0.0520,1,1,0.28,0.00342539460485675,0.105505810788714,0.0101752270328008,-0.748495201144363,-0.0228034533738391,0.014098498880311,-0.0788428042257966,-1.20570702379505
0.0070,0.0027,1.6005,28.0019,-0.0693,1.5523,0.0172,1,1,0.62,-0.0769941274463491,-0.108157557502277,0.051390599637263,-0.573349740054701,-0.0934644071718344,-0.0646034230691907,-0.0860905619253696,0.57678781343378
0.1506,0.0527,1.8564,28.1688,0.1816,2.6036,0.1479,1,1,0.51,0.0194300481081158,0.0450454482591244,0.0637787862961088,-0.486919161172551,-0.0168638900765013,0.396288569719976,-0.0588383307961583,-0.0122848110686931
0.1723,0.0949,0.8146,26.8237,0.1276,1.5789,0.1490,3,2,0.49,0.0339974394000036,0.174358341166888,0.0133464595286821,-1.18365757453932,-0.033338925546495,-0.052955082682614,-0.0586116458473086,-0.108976228047451
0.1230,0.0440,1.7968,31.1871,0.2605,0.9828,0.2206,3,1,0.74,0.000886679110004921,0.0182456421733136,0.0608926791154578,1.07653883999444,0.00723333047840521,-0.314299650038655,-0.0436894888795351,1.19694938694116
0.1962,0.0701,1.7983,31.3285,0.1519,0.9530,0.2405,3,1,0.63,0.0501095517601876,0.0984000336322472,0.0609638394233336,1.14976604205946,-0.0259457724653356,-0.32732895663591,-0.0395407959369821,0.611111575620316
0.2860,0.1292,1.2133,31.3829,0.0559,0.8819,0.0489,3,1,0.43,0.110393970495082,0.279382952673454,0.0326454254748431,1.17794429623175,-0.055243546385469,-0.358503720839503,-0.0794993398236558,-0.416060863198683
0.0150,0.0089,0.6784,29.3919,0.0140,1.4627,0.0546,3,1,0.73,-0.0716480493143331,-0.0891067239189916,0.00675275508258232,0.146661632134883,-0.0680296397150082,-0.103884239728479,-0.0783052963735091,1.11138635674433
0.0307,0.0182,0.6882,29.2818,-0.1043,1.1434,0.0047,3,1,0.46,-0.0610566357286682,-0.0606529869433135,0.0072257048839067,0.0896369262189305,-0.104152567346993,-0.243892293392655,-0.0887055956109922,-0.284453118341353
-0.1290,-0.0444,1.9093,30.5578,-0.0489,1.4301,0.0793,4,2,0.61,-0.168354304368226,-0.252263943369408,0.0663395892121845,0.750556841864852,-0.0872408441898423,-0.118193680082934,-0.073154860489337,0.487945539198955
0.0715,0.0255,1.8023,30.6049,0.0482,1.1871,0.1073,3,1,0.61,-0.0336882081055962,-0.0382942915802942,0.0611598933327875,0.774953822958879,-0.0575888341039037,-0.224729743212103,-0.0673175176588755,0.487945539198955
0.0860,0.0314,1.7409,30.6630,0.0598,1.2614,0.0942,4,2,0.66,-0.0239027359468684,-0.020254193540817,0.0581866510812681,0.805048612800979,-0.0540464724458513,-0.192121404561234,-0.0700455571687338,0.783154639521781
0.0645,0.0335,0.9220,30.6987,0.0363,1.1889,0.1000,4,2,0.66,-0.0383895330960625,-0.0136690983311606,0.0185430983385258,0.823540592101546,-0.0612197548034074,-0.223905547505412,-0.0688288418750817,0.783154639521781
0.0708,0.0393,0.8026,30.6934,-0.0053,1.0464,0.1023,4,2,0.58,-0.0341583406046428,0.00385031776150662,0.0127636227213181,0.820805643902471,-0.0739264503716454,-0.286382212484376,-0.0683518683360165,0.329716151961112
0.5058,0.2835,0.7841,30.5294,0.5336,0.7879,0.1204,1,1,0.39,0.258022291374283,0.751917133578471,0.0118714564123715,0.735840955816417,0.0906162486448887,-0.39973104225289,-0.0645815905726681,-0.635407053202964
0.0941,0.0602,0.5627,31.5659,0.0425,1.6935,0.0000,4,2,0.68,-0.0185163607435055,0.0679554539187661,0.0011504541094737,1.2727402943213,-0.0593264235723794,-0.00270983271251377,-0.089686384590486,0.846260957301108
0.0750,0.0343,1.1879,31.9878,-0.0226,1.6183,0.0000,4,2,0.81,-0.0313106808961318,-0.0114026004450463,0.0314173050593262,1.49128233876675,-0.0792064014981735,-0.0356557408815482,-0.089686384590486,1.54538140788251
0.0523,0.0272,0.9230,31.9684,-0.0193,1.1198,0.0955,4,2,0.66,-0.0465362576866849,-0.0330262154125691,0.0185953793810468,1.48121275676106,-0.0781956069216085,-0.254212275805151,-0.0697807265004636,0.751019097011331
0.0529,0.0301,0.7562,32.0494,0.0844,0.9657,0.0750,4,2,0.65,-0.0461601516874476,-0.0241439939669861,0.0105169901440956,1.52317452827756,-0.0465494915229904,-0.321787555714332,-0.074037698121195,0.724539232259296
0.0804,0.0381,1.1123,28.3363,0.0588,0.9656,0.2507,3,1,0.20,-0.0276705121177993,0.000236172483648698,0.0277556957479469,-0.400141533939382,-0.0543518484508558,-0.321831395911496,-0.0374151185759909,-1.60053025836704
0.0475,0.0455,0.0439,26.0419,-0.8992,3.8483,1.1350,1,1,0.12,-0.049807036644338,0.0228705229949792,-0.0239613892310611,-1.58860084226495,-0.346905115005234,0.941954351765912,0.146995760437182,-2.03922259980715
0.3056,0.2377,0.2859,27.6814,0.1926,0.8274,0.9119,4,2,0.40,0.123577829004061,0.611578034738259,-0.0122494675388992,-0.739378707147444,-0.0134925389812514,-0.382418548392675,0.100471349311783,-0.60433291448351
0.3962,0.3406,0.1632,27.7990,0.1248,1.8713,11.3599,3,2,0.32,0.18439954202358,0.92680501100702,-0.018187238534851,-0.678474311456666,-0.0342153546808579,0.0752380378457606,2.27918507135776,-0.986360833790769
0.2820,0.2137,0.3195,29.1080,0.1320,2.2605,0.3570,4,2,0.41,0.1077007828934,0.538161880238044,-0.0106195576299338,-0.00042471078358093,-0.0320044324046252,0.245877237268692,-0.0152328830509802,-0.547668608056013
-0.0336,-0.0248,0.3565,26.0367,-0.0116,1.6369,0.0422,3,1,0.34,-0.104255096212496,-0.192263006087004,-0.00882844783986192,-1.59130471150721,-0.075859480483324,-0.0275014642089728,-0.0808862934998597,-0.898622388643818
0.0148,0.0086,0.7124,29.8258,-0.0349,0.5701,0.0453,3,1,0.35,-0.0717622243498158,-0.0899643177137375,0.00839767158708617,0.371409108289598,-0.0829808489200293,-0.495197455598052,-0.0802306709044704,-0.836085495485503
0.0173,0.0102,0.6948,29.9309,0.1108,0.5381,0.0579,3,2,0.36,-0.0700563149961323,-0.085094410093573,0.00754471606003032,0.42582836165984,-0.0384875649908711,-0.509252622808953,-0.077612205338449,-0.767014643786488
0.0188,0.0136,0.3824,24.8512,-0.0320,1.0228,0.1473,3,1,0.36,-0.0690623205695766,-0.074742027856997,-0.00757757548917388,-2.20535238046102,-0.0820891509854161,-0.296750419113752,-0.0589727506661566,-0.767014643786488
0.1471,0.0798,0.8433,29.1294,0.1126,1.9962,0.2010,3,2,0.37,0.0170861017914404,0.127987019550982,0.0147328753229431,0.0106963759274313,-0.0379470494620131,0.130007596163225,-0.0477818083124947,-0.723145498349916
-0.0805,-0.0495,0.6254,27.6058,0.3178,1.8792,0.3296,4,2,0.32,-0.135747257470063,-0.268068171872583,0.00418662724550906,-0.778512293594443,0.024725268045064,0.0787233335203292,-0.020946871270445,-0.986360833790769
0.1788,0.1026,0.7430,26.4859,0.0828,1.2190,0.3300,1,1,0.39,0.0383763878196952,0.197727772073715,0.00988042004302946,-1.35863210136654,-0.0470350393709476,-0.210749104336381,-0.020873796759148,-0.646150526836848
0.1355,0.0835,0.6228,26.5679,0.0855,1.3100,0.2172,4,2,0.28,0.00932891555717092,0.139380765681179,0.00406076547647698,-1.31615234723658,-0.0462166316775355,-0.170815068739343,-0.0443877438654121,-1.20570702379505
0.1621,0.1072,0.5126,28.6412,0.1857,1.0499,0.1819,3,1,0.40,0.027193950520943,0.211878069687023,-0.00127141677693972,-0.242193095616634,-0.0156087946959327,-0.284878493721637,-0.0517632564434386,-0.58276389355051
0.1566,0.1038,0.5092,28.8064,0.1796,0.8204,0.1822,3,2,0.33,0.0234933361355903,0.20143380240101,-0.0014369734115896,-0.156653446829638,-0.0174868571267105,-0.385487362194181,-0.0516927966832722,-0.942491688354197
0.1090,0.0712,0.5313,28.7763,0.0355,0.8967,0.1854,4,2,0.44,-0.00847567379958093,0.101646638712357,-0.000370536960906262,-0.172203284885746,-0.061464055607411,-0.35204605979719,-0.0510279103680383,-0.39236132099335
0.1068,0.0722,0.4785,28.7676,-0.0087,0.7959,0.2316,3,1,0.40,-0.00997338161797235,0.10480135874303,-0.00292407862107631,-0.176720093275128,-0.0749708363087608,-0.396232594519172,-0.0413859300809741,-0.572613756977697
-0.1980,-0.0668,1.9654,26.8891,0.0680,2.8815,-0.6527,0,0,0.39,-0.214648923167204,-0.320871446949084,0.069053846669734,-1.14975043266214,-0.0515393354447642,0.518098557541216,-0.225798040180837,-0.635407053202964
-0.0233,-0.0077,2.0339,29.3802,0.1802,2.0375,0.1432,4,2,0.60,-0.0973508646550684,-0.139949784607501,0.0723688520325481,0.14055979694831,-0.0172944702435576,0.148113597592116,-0.0598298558290139,0.461324051092249
0.1638,0.0620,1.6427,30.6326,0.2448,0.7308,0.1237,4,2,0.40,0.0283155523400972,0.0734379285351777,0.0534314966304908,0.789327840482428,0.00244503471993438,-0.424750642774604,-0.0638926276575977,-0.58276389355051
0.1269,0.0461,1.7542,30.8938,0.2052,0.8421,2.2952,4,2,0.41,0.0035328534617817,0.0247082239837205,0.0588319346894211,0.92460935964011,-0.00966312387849474,-0.375982807448943,0.388924947832682,-0.533463230196849
2.7114,-0.8762,-4.0946,30.4995,-0.3258,1.4927,0.9379,3,1,0.68,1.73931576937042,-2.79989945241131,-0.224302344171599,0.720379174804598,-0.171820836295944,-0.09073656459888,0.105889530103741,0.844290572240266
0.5065,-0.5174,-1.9789,30.1182,-0.3171,2.2698,-0.4502,4,2,0.63,0.258465559159098,-1.70104614619344,-0.121883781872926,0.522851684987272,-0.169136581211954,0.249949991585263,-0.183574644030459,0.616020568153669
0.0511,0.0384,0.3315,27.4993,0.0191,0.6061,0.0649,4,2,0.50,-0.0473690638278533,0.00115502297801934,-0.0100386571574781,-0.83367744192807,-0.0664813833696352,-0.479428136678023,-0.0761594133525931,-0.0429846815327759
0.0212,0.0076,1.7760,30.0555,0.1558,0.7693,0.1754,3,1,0.62,-0.067463870072818,-0.093027152694973,0.0598867531306553,0.490368995297116,-0.024754806045818,-0.407859014807167,-0.053110312172907,0.565651712961513
0.1193,0.0455,1.6230,30.1786,0.0786,1.5507,0.2856,3,1,0.70,-0.00159830695638444,0.0228398946451669,0.0524778516882093,0.5541326550142,-0.0483237261120666,-0.0653180182829702,-0.0301285376960017,0.954520441411259
0.2500,0.1102,1.2678,30.2594,0.0841,1.2227,0.4033,3,1,0.70,0.0862157276869692,0.221250344729604,0.0352846499547004,0.595970110703468,-0.0466288892842916,-0.209118249001866,-0.00559213917679388,0.954520441411259
0.2868,0.1323,1.1679,30.2679,0.0086,1.5410,-0.0166,4,3,0.90,0.110931264779707,0.288785856065847,0.0304472012703251,0.600404041874696,-0.0696908851822327,-0.0695573653487662,-0.0931379768302409,1.9967470725746
-0.0824,-0.0319,1.5871,26.9014,-0.0635,1.9980,-0.0172,1,1,0.38,-0.137030047574604,-0.213947877754152,0.0507433796942018,-1.14341550529951,-0.0917146026631585,0.130774799613602,-0.0932739925102209,-0.678121767743022
-0.0253,-0.0137,0.8526,26.8148,-0.0616,2.5525,-0.0223,1,1,0.03,-0.098700816545188,-0.15826553779529,0.0151830731890963,-1.18823654084232,-0.0911282807335499,0.37388184494926,-0.0943294638012762,-2.47791496053149
0.2759,0.1827,0.5102,29.5787,0.1969,1.9627,-0.0059,2,1,0.60,0.103577049258906,0.443060854070681,-0.00139098545752019,0.243389705372642,-0.0121855296798321,0.11531674609344,-0.0909206347652223,0.461324051092249
0.0208,0.0207,0.0041,26.9546,0.0219,1.4107,-0.0059,4,2,0.95,-0.067745949572246,-0.0530571561898494,-0.0258899787996142,-1.11581739165429,-0.0656324380757227,-0.126685526273675,-0.0909191153926592,2.24586193634494
0.0034,0.0034,0.0025,26.9565,0.0019,1.2934,-0.0058,3,2,0.37,-0.0793783708343713,-0.10586043126635,-0.0259669481122146,-1.11486430364553,-0.0717521732160132,-0.178092541468631,-0.0908929685566336,-0.723145498349916
0.1590,0.1360,0.1686,29.1551,0.1713,2.3273,0.2001,3,2,0.36,0.025085070453791,0.300271487245481,-0.0179258333222459,0.0239670904843093,-0.0199970478878476,0.275136184856201,-0.0479516107523499,-0.810883943496867
-0.0215,-0.0059,2.6240,30.0851,-0.0340,2.2371,0.0525,1,1,0.61,-0.0961419525146628,-0.134589823390339,0.100937537267922,0.505685741177166,-0.0827029567554752,0.23560109505336,-0.0787462835257995,0.510067477455637
0.2044,0.0975,1.0959,29.8929,-0.1748,4.5512,0.2068,4,2,0.57,0.055583237284802,0.182291083768288,0.0269637347704988,0.406176101305119,-0.125690736979961,1.25010271361465,-0.0465532684379361,0.285846852250733
-0.1802,-0.0849,1.1221,27.5916,-0.0362,3.2081,-0.0510,3,2,0.25,-0.202680692977188,-0.376400645158884,0.0282315500516335,-0.785857287053324,-0.0833564614061849,0.66128502549981,-0.100326525826172,-1.38118406836276
-0.2550,-0.0882,1.8910,27.2126,-0.0391,0.8835,-0.0437,2,1,0.12,-0.25297815419662,-0.386599885646398,0.0654542000754166,-0.982183057207419,-0.0842664819010984,-0.357815429744022,-0.0987905465393114,-2.03922259980715
0.0374,0.0247,0.5149,28.2173,0.1448,0.5673,-0.1407,4,2,0.43,-0.0566038093448407,-0.040867072964532,-0.00116201385462721,-0.46177628511514,-0.0280925657805174,-0.496429365138371,-0.119016155904759,-0.416060863198683
-0.2478,-0.1165,1.1263,27.8269,-0.1764,1.2553,-0.0422,3,1,0.73,-0.248108924742209,-0.473339372314988,0.028434381133266,-0.664007057062694,-0.126197661148269,-0.194800917411921,-0.0984814499450961,1.11138635674433
-0.1237,-0.0627,0.9738,27.6390,-0.1287,2.3535,-0.0266,3,1,0.55,-0.164781297375471,-0.308375080225643,0.0210511361283535,-0.761346349784337,-0.111628171949503,0.286653004651285,-0.095228487499913,0.193721631406551
-0.1576,-0.0771,1.0426,27.6249,-0.0140,2.3970,0.1797,4,2,0.35,-0.18750212943654,-0.352633045704496,0.0243840525890683,-0.76864990463414,-0.0765954366553849,0.305723490417792,-0.0522168949262445,-0.854753243207246
0.1401,0.0757,0.8515,30.1426,11.4002,2.3970,0.2006,3,1,0.66,0.0124250738723209,0.115398767778104,0.0151312762303024,0.535480101103459,3.40901819838703,0.305723490417792,-0.047859074960204,0.781063303796384
0.1538,0.0963,0.5965,30.1525,0.0099,1.3466,0.3593,3,1,0.66,0.0215792252466147,0.178585053440993,0.00278810935807186,0.540597769324457,-0.0692847350955767,-0.154782708636328,-0.0147662223459596,0.781063303796384
0.2966,0.2126,0.3950,30.3070,0.1671,1.1510,1.8354,4,3,0.93,0.117533268302033,0.53485401845831,-0.00696472549073307,0.620636442756493,-0.0212887883890167,-0.240534134289863,0.293056466912224,2.15046487660549
1.4307,-0.6591,-3.1708,27.8693,-0.3687,5.2396,0.1937,1,1,0.38,0.879201646186044,-2.1350192346847,-0.179581237215866,-0.64204977407807,-0.184893983070187,1.55192055099285,-0.0493041816645917,-0.678121767743022
0.1023,-0.2188,-1.4676,26.2176,-0.4923,5.2396,0.1598,1,1,0.41,-0.0129889457904286,-0.786391735747071,-0.0971316127415869,-1.49760165673207,-0.222665941129196,1.55192055099285,-0.0563563803318652,-0.544418984588931
-0.2426,-0.2039,0.1899,25.0150,-0.1972,7.1533,0.1434,4,2,0.23,-0.244636660427821,-0.740908636275724,-0.016895219067364,-2.12052236785447,-0.132521998211912,2.39088602010795,-0.0597759431615018,-1.46892251350971
0.0539,0.0190,1.8419,26.7338,0.0802,1.9042,0.1434,3,2,0.49,-0.0454885338316667,-0.0582946040077622,0.0630763808081644,-1.23019313253268,-0.0478137481837091,0.0896483106536936,-0.0597759431615018,-0.108976228047451
0.1568,0.0281,4.5894,31.0609,0.0604,1.7238,0.1995,3,1,0.77,0.0236276597067464,-0.0304534340283313,0.196076932562997,1.01113835521882,-0.0538785156430988,0.010578131048011,-0.0480777222324834,1.33996213151607
0.1146,0.0292,2.9254,31.2289,0.1830,1.7565,0.1438,1,1,0.74,-0.00469446527153442,-0.0269618021497228,0.115526368549921,1.09819051323712,-0.0164333099094449,0.0248963394418987,-0.0596935372640901,1.19405860434877
0.1636,0.0383,3.2772,31.3656,0.1465,2.3625,0.1424,1,1,0.58,0.0281745125903832,0.000756854430458727,0.132555949983688,1.16898837684501,-0.0275886953722599,0.290589854356647,-0.0599906080254814,0.343569631266896
0.1547,0.0392,2.9504,31.3955,0.0303,1.9548,0.1262,3,1,0.49,0.0222172622096065,0.00354403426338306,0.116737061951264,1.1844605175091,-0.0630581183535346,0.11185775453717,-0.0633759192019381,-0.108976228047451
0.1220,0.0376,2.2475,30.6795,0.0851,0.8935,0.1986,2,1,0.58,0.000235209789897442,-0.00135650170659377,0.0827108167771686,0.813621225053762,-0.0463448895996374,-0.353427026007868,-0.0482705301041938,0.359202196113051
0.1173,0.0339,2.4650,30.7954,0.1228,0.8682,0.3260,3,1,0.20,-0.00290796177515721,-0.0127196194869776,0.0932386696729749,0.873624330997118,-0.0348108378906167,-0.364505443831307,-0.0217066356699162,-1.60053025836704
0.1214,0.0474,1.5633,28.3734,-0.0503,0.9124,0.3170,1,1,0.52,-0.000134180030782063,0.0286899094593267,0.0495893240889231,-0.380924378979969,-0.0876714243568987,-0.345158764822665,-0.0235821524336757,0.0536218848522246
0.0849,0.0387,1.1911,28.3834,0.0100,0.8241,0.2139,3,2,0.41,-0.0246818126595742,0.00225764357126413,0.0315722118519811,-0.375754912497626,-0.0692541974950763,-0.383874042938532,-0.0450782547717698,-0.547668608056013
0.0098,0.0076,0.2835,28.4984,0.0347,0.7530,0.1004,3,1,0.36,-0.075133745985836,-0.0930884093945977,-0.0123627431310281,-0.316171372471174,-0.0617175176915648,-0.41503127106326,-0.0687406476905372,-0.767014643786488
0.0549,0.0297,0.8486,28.6774,0.0346,18.1074,0.1037,4,3,0.36,-0.044810199797328,-0.025430384659105,0.0149904078657318,-0.22345766448774,-0.0617663778523655,7.19316313759313,-0.0680615922079407,-0.775616488433947
0.0702,0.0412,0.7050,28.6642,-0.0131,14.5601,0.1181,3,1,0.34,-0.0345478789609957,0.00966970422585411,0.00803993371279884,-0.230310574463833,-0.0763297595310309,5.63801543956123,-0.0650528001520425,-0.898622388643818
0.0070,0.0051,0.3751,26.2977,-0.0416,31.7586,0.0541,2,1,0.48,-0.0769739789106757,-0.100776125197499,-0.00793192477737189,-1.45607499061088,-0.0850177068734095,13.1778761328975,-0.0783948851798145,-0.152845373484023
0.0111,0.0102,0.0881,29.2904,0.1003,0.6775,0.0240,3,2,0.48,-0.0742203457019739,-0.085094410093573,-0.0218207709900617,0.0940449582594866,-0.0416817980032184,-0.448126235902653,-0.0846748460920025,-0.152845373484023
0.2338,0.1144,1.0446,29.0618,0.2285,2.0704,0.0809,3,2,0.39,0.0753623831375497,0.233899853202107,0.0244789329995694,-0.0243658671777622,-0.00253870168173934,0.162510718340899,-0.0728173773395202,-0.635407053202964
0.0215,0.0087,1.4756,30.3537,0.2816,0.6252,0.0000,4,2,0.65,-0.0672355200018525,-0.0897805476148634,0.0453424575515446,0.64483141063127,0.0136767641840005,-0.471041506960477,-0.089686384590486,0.728077039197537
-0.1163,-0.0300,2.8721,30.6447,0.3377,1.0435,0.0670,3,1,0.74,-0.159764311992788,-0.208342889738491,0.112948138619671,0.795553991496232,0.0308205731049541,-0.287662346241576,-0.0757173411887669,1.15844603877997
-0.0690,-0.0235,1.9387,30.3064,-0.2870,1.4215,0.3787,4,2,0.68,-0.127996787414351,-0.188250692261585,0.0677627953697011,0.620336012840686,-0.159956978501518,-0.121933248901055,-0.0107130344108361,0.874005250173928
0.2065,0.0887,1.3288,30.3183,0.0119,1.3082,0.4535,2,1,0.67,0.0570137833176153,0.155215622534166,0.0382370766059567,0.626484466462471,-0.0686709293255176,-0.171612960327735,0.00487579888845658,0.839740729129215
0.1479,0.0797,0.8556,30.2011,-0.1105,1.1280,0.2316,4,3,0.99,0.0176502607902964,0.127741992752484,0.0153307187258455,0.565802803295482,-0.106073382418471,-0.25064368375597,-0.0413931045409524,2.47930875229355
0.2458,-0.4476,-1.5491,26.3675,-0.2839,3.2219,-1.2235,1,1,0.57,0.0833815003355738,-1.4872602645032,-0.101078831451924,-1.41991980419128,-0.159007259125954,0.667361276826794,-0.344823080272901,0.304648201089191
0.2088,0.1307,0.5979,31.6522,0.2361,0.7677,0.0796,3,2,0.38,0.058571936743027,0.283915948445683,0.00285588107985836,1.31746291316755,-0.000211736523604925,-0.408564841981513,-0.0730788362290283,-0.679276198639537
0.2633,0.1099,1.3966,29.2844,-0.9063,2.0200,0.2773,4,2,0.79,0.0951415289902975,0.220086467436735,0.0415186801916046,0.0909577818832564,-0.349085499680966,0.140428411029199,-0.0318532215640843,1.42644710198252
0.1537,0.0875,0.7578,32.9599,0.0389,0.5349,0.3072,4,2,0.44,0.0215523605323834,0.151448335507247,0.0105968639590582,1.99478215835566,-0.0604532610308461,-0.510651125098497,-0.0256258899065091,-0.352694131233426
0.2446,0.1197,1.0427,33.1402,0.1163,1.8383,0.3021,4,2,0.48,0.0825554103729632,0.250286020351717,0.0243893775100658,2.08818996304113,-0.036789674403046,0.0607663887617975,-0.026685113268843,-0.146842271112626
0.2335,0.1225,0.9064,33.2557,0.1225,1.9193,0.3104,4,2,0.48,0.0751206007094686,0.258708816550115,0.0177884118080603,2.14802731454817,-0.0349207732524184,0.0962813324846648,-0.0249682882845457,-0.146842271112626
0.1855,0.1006,0.8437,33.2485,-0.0072,1.8075,0.2594,4,3,0.51,0.0428627950963116,0.191663358810869,0.0147536909232061,2.14429265990512,-0.0745127723012541,0.0472767600943166,-0.0355967894145663,-0.0212376286266925
0.6353,0.3210,0.9788,29.1135,0.0869,3.0144,0.4745,3,1,0.20,0.344969938983679,0.866895958774053,0.0212936620756037,0.00243973306885824,-0.0457829977504291,0.576362179572682,0.00926966244014836,-1.60053025836704
0.0170,0.0136,0.2464,24.7114,0.0288,2.6203,0.9977,1,1,0.19,-0.0702712327099822,-0.0746195144577475,-0.0141620823444598,-2.27779224895358,-0.0635253436411915,0.403618650685861,0.118357573705925,-1.64439948094052
0.1231,0.0464,1.6533,30.0186,0.2341,1.0085,0.6657,4,2,0.52,0.000967273252698627,0.0256883311777159,0.053944141297433,0.471270976338798,-0.000834703573814136,-0.303028335347692,0.0491390604073417,0.0558409592896775
0.1852,0.0765,1.4225,30.1361,0.1246,1.3120,0.9464,4,2,0.52,0.0427016068109242,0.117787779063468,0.0427719729609279,0.532118393942095,-0.0342550535615085,-0.169938264796056,0.107663606355403,0.0558409592896775
0.2216,0.1044,1.1225,30.2806,0.1554,0.8739,0.9910,3,1,0.60,0.0671283482256758,0.203332760089376,0.0282513974844424,0.606951342108847,-0.0248525263674194,-0.362024088671803,0.116959909468426,0.461324051092249
-0.1600,-0.0576,1.7792,28.4856,-0.1455,1.3492,0.0213,3,1,0.52,-0.189120728468972,-0.292693365121717,0.060039723588402,-0.322801549923478,-0.116752381313479,-0.153642863510054,-0.0852353798054042,0.0133258750556584
0.0007,0.0002,1.7869,28.4901,0.0045,1.3470,0.0483,3,1,0.52,-0.0812320361163266,-0.115661503206304,0.0604110158070466,-0.320470628162902,-0.0709398730427012,-0.154602963827954,-0.079617551551301,0.0133258750556584
-0.1244,-0.0391,2.1825,28.5064,0.0165,1.3802,-0.0022,1,1,0.67,-0.165217848981729,-0.236092174668484,0.0795642725513666,-0.312006792258945,-0.0672875760228472,-0.140056786408812,-0.0901539174140731,0.81544353019622
0.1361,0.0948,0.4352,28.8265,0.0130,1.1463,0.2348,3,1,0.32,0.00971845391352385,0.174052057668765,-0.00501919299173337,-0.146247176125201,-0.068359445800413,-0.24258147149744,-0.040713268046823,-0.986360833790769
0.2802,0.0833,2.3631,31.1647,0.2380,2.1326,0.2737,1,1,0.69,0.106498586931553,0.138798827034744,0.0883044042431904,1.0649204899745,0.000356262845703478,0.189783704996863,-0.0326069677378381,0.920906338736144
0.2859,0.0524,4.4575,31.8181,0.9220,1.6886,0.2805,1,1,0.69,0.110293227816715,0.0440347127153167,0.189693804538162,1.40336514978397,0.209248719069044,-0.00485361835385207,-0.0312033442228406,0.920906338736144
0.2423,0.0533,3.5471,31.8150,-0.0031,1.6352,0.2647,2,1,0.58,0.0810241216617828,0.0467912641984287,0.145621369776672,1.40175940368224,-0.0732607306807355,-0.0282730516790659,-0.0344942997468774,0.329716151961112
0.0072,0.0052,0.3923,26.6176,-0.0093,0.5585,0.0368,3,1,0.36,-0.0768396553395195,-0.100500470049188,-0.0070963962644897,-1.29040861134755,-0.0751510081517135,-0.50028291846912,-0.0820196827588092,-0.767014643786488
0.0134,0.0069,0.9598,31.5017,0.0252,19.1985,0.0349,3,1,0.71,-0.07266890845512,-0.0954161639803367,0.0203753552453966,1.23949099036322,-0.0646308047793079,7.67151229689315,-0.0824153114803011,1.03809642497611
0.0285,0.0143,0.9839,31.5568,0.0566,15.9841,0.0666,4,2,0.42,-0.0625812082612908,-0.0724755299708827,0.0215429651950326,1.26800075340813,-0.055038944462116,6.26232615130035,-0.0758053291152229,-0.496487809818507
0.0519,0.0304,0.7055,31.8972,0.4055,9.3082,0.0658,4,2,0.42,-0.0468183371861129,-0.0231638867729907,0.00806365381542412,1.44432721485649,0.0515220124842104,3.33557212468495,-0.0759681994068725,-0.496487809818507
-0.0532,-0.0303,0.7550,31.9820,0.0885,3.2971,0.0597,4,3,0.94,-0.117405373828686,-0.209200483533236,0.01045890009685,1.48825732030414,-0.0452882886223217,0.700315953035261,-0.0772324333953878,2.21609326257889
0.0514,0.0399,0.2880,27.9791,-0.0323,0.9450,0.0617,3,1,0.29,-0.0471810108282346,0.00577990379968499,-0.0121482940399465,-0.585180462946156,-0.0821777100268674,-0.330858092507643,-0.0768139130741779,-1.14628923846324
0.1609,0.1331,0.2088,28.1553,0.1927,0.8930,0.1977,2,1,0.21,0.0264014414511216,0.291358637450085,-0.0159783644883381,-0.493896386975874,-0.013468108900851,-0.353663763072555,-0.0484585228073118,-1.55666095865666
-0.1089,4.6933,-1.0232,25.1806,-0.1117,1.7254,0.0013,2,1,0.29,-0.154827920752798,14.2583455771313,-0.0756189319116424,-2.03473408741301,-0.106427618584276,0.0112840459027519,-0.0894195388655424,-1.16183787835848
0.0906,0.0548,0.6542,27.7947,0.1104,1.0249,0.2118,3,1,0.41,-0.0208267261673918,0.051385516670282,0.00557982021194876,-0.680686097216147,-0.038615822912973,-0.295812238894434,-0.0455120827303475,-0.547668608056013
0.1042,0.0418,1.4946,27.4957,0.3513,0.9934,0.2469,4,2,0.73,-0.0117128718644449,0.0115380335644078,0.0462656052190221,-0.835547359162666,0.0349706330129655,-0.309648205119514,-0.0381939614010612,1.11936262110509
0.0584,0.0288,1.0281,29.3849,0.2481,0.8642,0.0618,3,1,0.31,-0.042452821123537,-0.0281563077924046,0.0236797107662157,0.14303057401452,0.00343445297614901,-0.366285355836181,-0.0768091740416187,-1.03023013350115
-0.0784,-0.0602,0.3016,24.9838,-0.0768,0.8457,-0.0522,1,1,0.23,-0.134330143794365,-0.300840506171803,-0.0114884879199822,-2.13666270608992,-0.0957608347294684,-0.374391408291876,-0.100573130385048,-1.46892251350971
3.0077,-0.0397,-76.7514,28.0290,0.4770,1.7406,0.1009,3,1,0.35,1.93832957239542,-0.23799113235685,-3.74149786176358,-0.559307231403765,0.0733594506020834,0.0179389001519111,-0.0686540657220799,-0.854753243207246
0.0694,0.0408,0.7008,29.6650,-0.0808,1.2113,0.0000,3,1,0.57,-0.0351120379598517,0.00847519858317225,0.00783661854743933,0.288107144392755,-0.0969792849894364,-0.214089727360307,-0.089686384590486,0.296696311989909
0.0968,0.0610,0.5872,29.6835,0.0187,1.1439,0.1304,3,1,0.46,-0.0166559792829924,0.0704669786033793,0.00233694332446456,0.297710542046328,-0.0666035337716371,-0.243655556327967,-0.0624923688319358,-0.246740886261587
0.0607,0.0374,0.6233,29.7572,0.0764,0.9270,0.0857,4,2,0.36,-0.0408946676981253,-0.00178529860396675,0.00408739008146454,0.335849601875481,-0.0489833382828764,-0.338762480056381,-0.0718253013605652,-0.810883943496867
0.1658,0.1309,0.2668,29.6293,-0.0041,2.5209,0.2220,1,1,0.44,0.0296722204087746,0.284497887092118,-0.0131701947877416,0.269615165092188,-0.0735752679658902,0.360032726665031,-0.0433845286812921,-0.398252574854794
0.0639,0.0394,0.6195,27.0889,0.1269,0.7010,0.9959,4,2,0.53,-0.0387925038095311,0.00440162805812901,0.00389956559537052,-1.04626268631872,-0.0335557425100482,-0.437823789569023,0.117983683479849,0.0966608829342408
0.8984,-0.5825,-2.5423,29.7592,-0.3714,1.6785,0.0000,3,1,0.66,0.521706177732425,-1.90058984522093,-0.149154638636088,0.336921825885345,-0.185742928364099,-0.00930339836603707,-0.089686384590486,0.777590600404625
-0.1562,0.2049,-1.7622,29.1440,-0.4502,2.3824,0.3113,3,1,0.51,-0.186568580617004,0.511117047353734,-0.111394171591557,0.0182433826055635,-0.209803503798405,0.299322821631792,-0.0247806121594285,-0.0212376286266925
0.1950,0.0957,1.0382,32.3870,0.4135,1.1717,0.2676,3,1,0.60,0.0492834617975771,0.176655467402815,0.0241705716654408,1.69807135771277,0.0539680742842966,-0.231463597496552,-0.0338743503266388,0.476627087087014
0.1822,0.0997,0.8281,32.3470,-0.0393,1.1717,0.1221,3,1,0.61,0.0406867532435815,0.188876178977945,0.0139980362252866,1.67731579439137,-0.084312288301849,-0.231463597496552,-0.06421518480188,0.519344578555595
0.0892,0.0564,0.5805,32.2342,-0.1066,1.3615,0.2181,3,2,0.71,-0.0217804235226007,0.0564698227391329,0.0020111549761623,1.61890807489748,-0.104879362238903,-0.148272439357417,-0.0442140306318576,1.01092171099811
0.1477,0.0942,0.5672,32.3545,0.1279,1.0960,0.2870,3,2,0.57,0.0175092210405824,0.172244985029836,0.00137022812155279,1.68123174294914,-0.033271742825394,-0.264672546848573,-0.0298342876378209,0.311370836495646
0.2569,0.1637,0.5694,32.5761,0.2480,1.0552,1.4486,3,1,0.40,0.090829742356184,0.384928246126831,0.00147382203914073,1.79599079096149,0.00341918417589879,-0.282554963271925,0.212389146474002,-0.591537753492585
1.2299,0.4468,1.7530,30.6430,0.0751,2.0678,1.4305,3,1,0.66,0.74433406456668,1.25195557261498,0.0587699719723591,0.794673421053348,-0.0493742195692822,0.16140156135264,0.208610339631281,0.74373212801949
1.3997,0.3580,2.9095,30.6587,0.0159,16.2633,1.6044,3,1,0.66,0.858347911764047,0.980159596380142,0.11475619134019,0.802831647215364,-0.0674708016258499,6.38473674982274,0.244876291856041,0.759731247430675
1.4509,0.3489,3.1590,30.6531,-0.0056,14.4147,1.4492,3,1,0.61,0.892748178337145,0.952073399602213,0.12683553258118,0.799941304232251,-0.0740150094130967,5.57427617690393,0.212512360194111,0.504315841389375
1.3325,0.3020,3.4127,30.5791,-0.0714,8.9962,1.5069,3,1,0.50,0.813248772748359,0.808487695681891,0.139116736736349,0.761574332053172,-0.0941209655825941,3.19879947757151,0.224543005339347,-0.0437162479247671
1.3421,0.2929,3.5827,30.5389,-0.0394,10.5702,2.1594,4,2,0.66,0.819696304163856,0.780615897352648,0.147343739677503,0.740777330122703,-0.0843336646221993,3.88885294897834,0.360621780792824,0.768408531969675
0.1328,0.1089,0.2192,25.4158,0.1347,2.4159,0.2351,3,1,0.31,0.00750211498944686,0.217207402554373,-0.0154744333284827,-1.91292011620532,-0.0311890784712632,0.313987367583278,-0.0406524659092452,-1.07409943321153
0.1219,0.0848,0.4368,27.7716,0.1535,3.2765,0.2237,3,1,0.30,0.000174764182877156,0.143454336206222,-0.00494222367913298,-0.692656675413237,-0.0254571708573284,0.691298024478547,-0.0430319377990871,-1.1179685786481
1.0853,-0.1938,-0.0066,29.8141,0.0350,0.0940,0.0759,2,1,0.29,0.647197974085088,-0.70991274626562,-0.0264069802200998,0.36531245292916,-0.0616442274503637,-0.703951322435698,-0.0738596217238303,-1.16183787835848
-0.2657,-0.0717,2.7074,28.6116,-0.0785,0.9469,-0.1539,4,3,0.60,-0.260117452003571,-0.335879338357138,0.1049714069654,-0.257546100279627,-0.0963013502583264,-0.329998824643221,-0.121774473259212,0.461324051092249
-0.0573,-0.0417,0.3730,25.3032,-0.0299,3.4534,0.2070,1,1,0.08,-0.120145574680272,-0.244147430669134,-0.00803067785768936,-1.97124495848106,-0.0814325925746564,0.768820645124327,-0.0465144295809626,-2.21469952866951
0.1856,0.0736,1.5198,29.4551,0.0521,1.0758,0.0000,3,1,0.79,0.0429366730604475,0.109150584416384,0.0474854962111792,0.179403313131771,-0.0564009214444361,-0.273515114616629,-0.089686384590486,1.43856345822339
0.0907,0.0425,1.1356,29.3219,-0.0920,0.7947,0.0502,3,1,0.31,-0.0208065776317184,0.0136207613516479,0.0288850630831462,0.110402849192593,-0.100408657525637,-0.396754292865428,-0.0792195215810538,-1.03023013350115
-8.0717,-0.3158,24.5591,26.8020,-0.2884,2.2168,0.0339,1,1,0.15,-5.50276643422933,-1.08363987067598,1.16277712887923,-1.19488225777303,-0.160381451148474,0.226710303068423,-0.0826156235568695,-1.8637456709448
0.0265,0.0210,0.2578,27.8930,0.0350,0.4764,0.0000,1,1,0.58,-0.0639244439728526,-0.051985163946417,-0.0136078064769916,-0.629747687008364,-0.0616289586501135,-0.536271336321363,-0.089686384590486,0.352358301494427
0.1663,0.1151,0.4450,28.4052,0.1468,0.9179,0.1222,3,1,0.45,0.0300214616937807,0.236166351088221,-0.00454721135786308,-0.3644525318719,-0.0274879212906084,-0.342721249860325,-0.0642034341192302,-0.328322418051732
0.1005,0.0292,2.4405,31.7125,0.2965,0.9780,0.1841,1,1,0.95,-0.0141844255737186,-0.0269311737999104,0.0920550849603463,1.34865064632405,0.0182329741786679,-0.316377675384247,-0.0512933956043984,2.24586193634494
0.1364,0.0422,2.2323,31.7599,0.0486,0.9780,0.0978,2,1,0.96,0.00991993927025812,0.0128550526063391,0.0819740413446039,1.37324964063733,-0.0574636299418519,-0.316377675384247,-0.0692908365653737,2.30521724078498
0.0194,0.0047,3.0888,31.8521,0.0966,1.0169,0.1371,1,1,1.00,-0.0686929307488971,-0.101909374140556,0.123437264817314,1.42100245777232,-0.0428269580219853,-0.2993501428056,-0.0610986963479323,2.52317805200393
0.0123,0.0031,2.9797,31.8707,0.0187,0.8916,0.0539,4,2,0.99,-0.0734278366321525,-0.106932423509782,0.118153490936602,1.4306213949043,-0.0665943724914869,-0.35427314181314,-0.0784450610739296,2.47291996540507
0.0007,0.0002,3.2914,31.9494,0.0819,0.8626,0.1488,4,2,0.72,-0.0812051714020954,-0.11587590165499,0.133241896624913,1.47140734588824,-0.0473007164953015,-0.366991183010528,-0.0586633494458984,1.07549332139471
-0.1085,-0.0680,0.5959,28.8676,-0.1508,0.5253,-0.0681,1,1,0.75,-0.154552557431928,-0.324608105626191,0.00275858025072202,-0.124921831929001,-0.118373927900053,-0.514859784026278,-0.103882458337654,1.209719864123
-0.1064,-0.0678,0.5690,28.7649,-0.0977,0.5128,0.0186,3,1,0.55,-0.153115295220557,-0.323995538629944,0.0014578472761482,-0.178154905114417,-0.102143193234063,-0.520348576711259,-0.0858152199131496,0.216785565527741
0.0008,0.0007,0.2735,28.6599,-0.0996,0.5139,0.0192,3,1,0.55,-0.0811245772594017,-0.114375112514185,-0.0128458586906204,-0.232522360223312,-0.102744783963922,-0.519844414443868,-0.0856763574570012,0.216785565527741
0.0055,0.0046,0.2175,28.7230,0.0652,0.6554,0.0211,4,2,0.58,-0.0779746895157892,-0.102460684437178,-0.015561084315624,-0.199832477487771,-0.0524218720992273,-0.457801767416833,-0.0852841760940432,0.373585451671491
0.0768,0.0544,0.4130,27.5090,-0.7030,1.9501,0.1796,1,1,0.34,-0.0300950525771683,0.0501297543279754,-0.00609627928441173,-0.828653010577496,-0.286993396583397,0.109766577132429,-0.0522421748744164,-0.898622388643818
-0.1512,-0.0522,1.8946,29.4345,0.0731,1.0132,0.0225,1,1,0.26,-0.183230639873773,-0.276368454671732,0.0656270179659722,0.168686252859256,-0.0499880253393413,-0.300972230100682,-0.0849946302033495,-1.29344562321581
-0.0080,-0.0036,1.2631,28.6282,0.1717,0.9640,0.2156,1,1,0.27,-0.0870885438187361,-0.127269647785186,0.0350590669378967,-0.248947588896169,-0.0198962738061961,-0.322541607105559,-0.0447194514539965,-1.24957632350543
0.1038,0.0528,0.9635,29.4143,0.0786,1.0967,0.2375,4,2,0.52,-0.0120016675424307,0.045443616806685,0.0205525298894956,0.158223004067339,-0.0483084573118164,-0.264352513409273,-0.0401512155895828,0.0290124357342044
0.0471,0.0255,0.8498,29.5707,0.0228,0.7944,0.1324,1,1,0.23,-0.0500555352509769,-0.0384168049795436,0.0150494660804315,0.239251024291087,-0.0653423308709684,-0.396872661397772,-0.0620710298105334,-1.46892251350971
0.0991,0.0499,0.9853,30.4129,0.0609,0.9925,-3.2507,3,1,0.77,-0.0151314067503697,0.0365001386614773,0.0216068642470028,0.675501161174313,-0.0537258276405966,-0.310016462775695,-0.767550800119107,1.31660908828088
-4.1125,-0.4509,8.1216,29.9879,-0.3463,1.5745,0.4669,4,2,0.66,-2.84373731669291,-1.49730636324165,0.367063534379164,0.455343010974865,-0.178053560558086,-0.0548665152789812,0.00767627640966872,0.757054288334549
0.6994,-0.2824,-3.4769,29.5599,-0.3481,1.8404,0.4671,4,2,0.53,0.388054224432025,-0.981279925603087,-0.194397587849577,0.233687891022514,-0.178630721207544,0.0616958009416825,0.00771411757099825,0.0813998094149339
-0.3213,0.1133,-3.8355,29.4167,-0.1335,1.7726,0.4252,1,1,0.40,-0.297479553320663,0.230653248121997,-0.211757798468917,0.159497241296453,-0.113069546693124,0.0319721472642302,-0.00102004477349926,-0.591537753492585
0.1372,0.0319,3.3061,32.4545,0.2707,0.8855,0.3706,1,1,0.56,0.0104438011977672,-0.0188146610996363,0.13395688828976,1.73299892533846,0.0103328969292011,-0.356943009820451,-0.0124149333431387,0.241034322485391
0.0353,0.0084,3.2100,32.4399,-0.0145,1.1114,0.3908,1,1,0.67,-0.0579604774135182,-0.090699398109234,0.129304359589117,1.72543637918193,-0.076742017137787,-0.257886084327526,-0.00818510102127509,0.814910051372199
-0.5728,-0.0899,5.3694,32.2906,-0.1387,1.2359,0.1337,2,1,0.60,-0.466398160228119,-0.391837333464311,0.233835947356347,1.64810675481829,-0.114666663199298,-0.203335726995883,-0.0618019137844042,0.444398054649625
-0.1189,-0.0178,5.7007,32.2716,-0.0188,1.0273,0.0318,4,2,0.51,-0.161557531667723,-0.170761904518731,0.249871704898488,1.63826508516252,-0.0780642952394566,-0.294760074162489,-0.0830593291315078,-0.0219688864710701
-0.1174,-0.0170,5.8961,32.2184,-0.0518,0.9606,0.1986,4,2,0.53,-0.16055682106261,-0.168556663332241,0.25933166909243,1.61070323030025,-0.0881447571646557,-0.324027789789432,-0.0482732806669589,0.0665006622464518
0.1551,0.0548,1.8315,29.8150,0.2566,0.6629,0.1917,1,1,0.84,0.022445612280572,0.0513242599706572,0.0625709973971279,0.365814896064217,0.00604847157898769,-0.45451813664922,-0.0497189612414306,1.71433899564736
0.1456,0.0494,1.9466,29.9668,0.1639,1.0400,0.0629,3,1,0.92,0.016078675007769,0.0349074644712348,0.0681428010954326,0.444455016439909,-0.022253776564831,-0.289201137162045,-0.0765732827953852,2.12498038645513
0.0363,0.0145,1.5096,29.7722,-0.1769,0.9969,0.0414,3,1,0.92,-0.0572955757362951,-0.072077361423322,0.0469902785584107,0.343608981425131,-0.126341187870621,-0.308096262139895,-0.0810445151064861,2.12498038645513
0.0236,0.0091,1.5895,29.8202,0.0493,0.8540,0.0174,3,1,0.70,-0.0658251225047126,-0.0884635285729321,0.0508561712026037,0.368513585480349,-0.0572742968187491,-0.370761439966665,-0.0860570976348677,0.958168399847577
0.0470,0.0181,1.5970,29.8768,0.0582,0.7911,0.0891,4,2,0.62,-0.0501092646794394,-0.0609286420916247,0.0512221385002508,0.397800322445451,-0.0545533966141588,-0.398301851825331,-0.0711013619611475,0.549062341965393
0.0006,0.0003,0.7112,27.6667,2.5333,0.5208,-0.0106,4,2,0.39,-0.0813059140804625,-0.115385848057992,0.00834103379102174,-0.746993051565325,0.701304129692873,-0.516806288780377,-0.0918897719788587,-0.635407053202964
-0.0117,-0.0049,1.4079,26.3949,0.1253,2.0334,0.0319,4,2,0.35,-0.0895466651708942,-0.131281961610605,0.0420685993055294,-1.40576333936538,-0.0340657204384057,0.14629861342951,-0.0830355796962762,-0.854753243207246
-0.0891,-0.0356,1.5050,28.7804,-0.0056,1.0383,0.2681,4,2,0.09,-0.14155003574401,-0.22537225223416,0.0467661477927882,-0.170095095648959,-0.0740211169331968,-0.28994642051384,-0.0337885789499913,-2.17083030609603
0.2290,0.1251,0.8302,27.9882,0.0850,7.4140,0.0000,4,2,0.67,0.0721050365370123,0.266825329250389,0.0141006619754205,-0.580440922032986,-0.0463662659199877,2.50517303009578,-0.089686384590486,0.825263058000994
0.2103,0.1119,0.8792,27.2030,0.1582,2.1100,0.4302,3,2,0.32,0.0595524988124672,0.226365279148267,0.0164707359030399,-0.987181589427321,-0.0239974735534068,0.179880204457428,2.04000855679806E-05,-0.986360833790769
0.2931,0.1112,1.6361,27.2846,1.5479,1.2239,0.4967,4,2,0.31,0.115142308735453,0.224129409611966,0.0531120013706401,-0.944888309038207,0.400371345561171,-0.208561478497878,0.013892137089187,-1.03023013350115
